,Index,Hogwarts House,First Name,Last Name,Birthday,Best Hand,Arithmancy,Astronomy,Herbology,Defense Against the Dark Arts,Divination,Muggle Studies,Ancient Runes,History of Magic,Transfiguration,Potions,Care of Magical Creatures,Charms,Flying
0,0,Ravenclaw,Tamara,Hsu,2000-03-30,Left,58384.0,-487.88608595139016,5.727180298550763,4.8788608595139005,4.722,272.0358314131986,532.4842261151226,5.231058287281048,1039.7882807428462,3.7903690663529614,0.7159391270136213,-232.79405,-26.89
1,1,Slytherin,Erich,Paredes,1999-10-14,Right,67239.0,-552.0605073421984,-5.987445780050746,5.520605073421985,-5.612,-487.3405572673422,367.7603030171392,4.107170286816076,1058.9445920642218,7.248741976146588,0.091674183916857,-252.18425,-113.45
3,3,Gryffindor,Vesta,Mcmichael,2000-08-19,Left,32667.0,697.742808842469,-6.497214444598551,-6.9774280884246895,4.026,-537.0011283872882,523.9821331934736,-4.8096366069645935,920.391449310792,0.8219105005879808,-0.0140404172390529,-256.84675,200.64
4,4,Gryffindor,Gaston,Gibbs,1998-09-27,Left,60158.0,436.7752035539525,-7.820623052454388,,2.236,-444.2625366004496,599.3245143172293,-3.4443765754165385,937.4347240534976,4.311065821291761,-0.2640700765443832,-256.3873,157.98
5,5,Slytherin,Corrine,Hammond,1999-04-04,Right,21209.0,-613.6871603822729,-4.289196726941419,6.136871603822727,-6.5920000000000005,-440.99770426820817,396.20180391410247,5.3802859494804585,1052.8451637299704,11.751212035101071,1.049894068203692,-247.94549,-34.69
7,7,Hufflepuff,Alicia,Hayward,1997-07-08,Right,33010.0,411.4127268406701,5.931831618301035,-4.114127268406701,2.769,-502.0213360777252,439.3514157413572,,1041.091935399735,6.58179131885481,-0.171704452341019,-244.03492000000003,72.25
9,9,Hufflepuff,Hayden,Aponte,2001-10-13,Right,46316.0,527.1935850836812,7.922205496177112,-5.271935850836812,3.3560000000000003,-398.1019908932312,341.47560564416693,4.978613530314481,1041.4146653613177,2.068824178512835,-0.529578503638637,-244.57527,-0.09
10,10,Hufflepuff,Antonio,Denning,1998-05-21,Right,35619.0,604.9339619176021,5.484188547740066,-6.049339619176023,5.358,-530.7958955569857,484.8726713263256,5.6996535617818695,1036.2853570584764,9.293131894951047,-0.4965534984054157,-242.69168,64.61
11,11,Hufflepuff,Neville,Hall,2001-02-16,Left,46550.0,438.5569495868533,5.320518357754184,-4.385569495868531,3.014,-518.5607177463045,417.0640932879666,4.8014365930153895,1046.7619580239934,6.376965575596179,-0.9196387437030824,-244.91344,20.66
12,12,Hufflepuff,Rocky,Trask,2000-03-13,Right,26647.0,709.0946138370517,1.7053889315251418,-7.0909461383705175,7.091,-328.7129552924333,435.50218282153816,6.300649174524696,1037.0283168962144,8.110274495677984,-0.9391444307251472,-244.00363,7.56
13,13,Slytherin,Fred,Simms,1997-02-27,Left,37984.0,-544.1920488261749,-7.308855989623728,5.441920488261747,-6.18,-319.94687532983534,391.6529162915922,2.91473188799465,1082.5814087477208,10.948790872858233,1.7738866787768597,-251.12516,-80.42
16,16,Gryffindor,Fran,Jorgensen,1997-09-23,Left,41907.0,470.65375662672136,-5.518263685781008,-4.7065375662672135,4.425,-434.2932661222959,596.6100889263835,-4.1618229744065465,967.2239116973597,5.027414761055882,-1.135957011752296,-252.27344,174.27
17,17,Gryffindor,Freddie,Ward,2001-05-31,Left,58796.0,651.1987485578007,-4.820770852893141,-6.511987485578008,4.357,-468.2847232096298,626.3728860307857,-5.206672041512534,935.5792903077672,3.0632066243706,0.1736145483146391,-254.92326,212.37
18,18,Ravenclaw,Tyrone,Cooley,2000-03-09,Right,15578.0,-151.08820873346482,6.8718573378725765,1.510882087334648,7.9060000000000015,645.4474512014251,607.4427290526703,6.317446315222874,1091.054831002211,11.708777390143444,0.2605563047012814,-226.76896,11.22
19,19,Hufflepuff,Elden,Scholl,1999-04-18,Right,56909.0,458.1270261474805,6.981588542540248,-4.581270261474805,5.686,-579.6685909175318,403.3276902605525,4.2658097542267495,1052.0352351526687,3.4565189893797363,0.0702055342612155,-242.99904,3.81
20,20,Gryffindor,Mel,Marion,1998-12-20,Left,,703.5535475473841,-3.858216489463063,-7.035535475473843,5.8660000000000005,-433.2503586321584,610.7326695816761,-5.029523289367204,944.9723856289352,3.0358906702990742,0.1625012864221627,-252.72548,215.2
23,23,Hufflepuff,Rosie,Tuggle,1999-07-05,Left,44987.0,673.1671096812503,0.1315163054974428,-6.731671096812503,9.421,-709.6964283834683,461.89673418950485,0.5318228689636264,1073.5852035654214,6.346026797398995,1.7477697551565254,-245.83067000000003,23.46
25,25,Hufflepuff,Lucio,Wray,1999-01-21,Left,46505.0,508.1611883528949,6.11314406193578,-5.081611883528949,3.284,-387.5559813493135,407.3199405108696,5.142065215250079,1037.0804332529328,5.109155180436624,1.3300362081007877,-244.66168,19.76
27,27,Hufflepuff,Georgianna,Wooten,2000-01-18,Right,32991.0,612.5930323684191,4.166334753886695,-6.125930323684193,5.142,-528.8095274677344,455.1147406869151,1.8799979516358296,1047.7888270360197,6.670688893495349,0.604617316244031,-245.14028,76.2
28,28,Gryffindor,Mimi,Baird,1997-05-22,Left,40401.0,236.8888790015881,-5.077751004602562,-2.3688887900158813,5.517,-544.7589088830549,604.0963783054931,-4.9553196318390045,977.8967780641292,4.377128702454228,-1.5510451995400842,-249.38786,173.06
30,30,Hufflepuff,David,Mcclelland,2000-03-11,Left,48984.0,600.0813499884385,3.464527018807125,-6.0008134998843845,6.881,-678.5236439998978,387.2356260460736,5.68741322272218,1069.242717805681,6.449913395821935,1.9518172949103816,-244.6194,-36.54
31,31,Gryffindor,Kermit,Craft,2000-11-18,Left,58112.0,514.3419372851155,-2.832054657210328,-5.143419372851155,5.754,-685.1710296006307,618.4414085954005,-7.003952866834519,957.091137731852,1.7322365656983032,0.3585953072795056,-252.33586,223.8
32,32,Ravenclaw,Carroll,Kersey,1999-10-20,Right,56259.0,-301.4833725111648,4.470596381712079,3.0148337251116484,6.545,887.0278523685254,650.5954044412074,5.728551916089313,1075.0938286730584,9.550556841973153,-1.1975563813262404,-229.64984,-35.06
33,33,Hufflepuff,Julie,Connolly,1998-05-29,Right,54477.0,413.5749839598835,4.907536817133842,-4.135749839598836,3.259,-363.0965932034584,325.8143841057654,4.604073252276106,1052.1052266728989,1.6087835209345582,0.4543663775736535,-246.1036,-48.86
35,35,Ravenclaw,Hannah,Canady,1998-11-06,Right,44450.0,-279.0010918745341,7.198095103701769,2.790010918745341,6.977,251.7144465726503,587.6228267343893,2.4566522833971103,1046.8355215419786,4.685132914318022,0.0070512390741821,-231.20615,50.89
38,38,Slytherin,Wendell,Ratcliff,1997-08-14,Right,40775.0,-619.3515715066602,-8.887563696339651,6.193515715066601,-6.92,-267.62216563601805,376.5402382619666,6.832455538744942,1056.1574171832387,11.708296678300936,-0.0477741468298526,-251.37265,-125.38
41,41,Hufflepuff,Orville,Hebert,1996-11-19,Right,29293.0,486.4150306274456,5.475306512698818,-4.864150306274456,6.614,-438.34397889607584,482.0620580996968,4.616138358367079,1029.8250116917336,7.088150790851537,-1.8906647860919297,-240.69411,70.68
43,43,Hufflepuff,Rosanna,Rinaldi,1997-07-22,Right,44741.0,432.5608992333849,3.8529080471086825,-4.325608992333849,2.268,-275.7517474501566,350.30527411138735,,1041.560877849981,6.301946027733197,0.7430643743812463,-245.25254,-64.69
44,44,Hufflepuff,Jerald,Woodworth,1998-12-17,Left,51536.0,440.0873111670082,5.1722758619274565,-4.400873111670082,4.542,-601.1879804095211,385.0149322785431,3.4715081598698303,1059.512001699204,4.013484140894335,-0.1440408428387395,-245.0047,-1.25
46,46,Ravenclaw,Laverne,Burrow,2000-11-04,Left,59112.0,-390.7121666260828,4.3721050124103655,3.907121666260829,4.588,473.1527272589132,568.7877937159745,6.340340502640148,1044.9001583316203,6.523428759380362,1.1466909470801074,-233.10451,-38.71
47,47,Hufflepuff,Chelsey,Barney,1997-06-09,Right,52190.0,496.1748495670465,4.660387161137372,-4.961748495670465,5.138999999999999,-507.7965671067957,354.73273102288323,5.0054402954078725,1057.4527988027044,3.389501419767812,1.0588427576788306,-245.05353,-38.96
48,48,Slytherin,Lorna,Graves,2000-03-28,Left,68570.0,-387.7448324502113,-4.604619969975151,3.8774483245021134,-6.945,-419.16429373366526,403.71291151908974,1.72055017703211,1058.5804798295928,7.637557962209646,-0.4045276627737053,-253.98429,-54.3
49,49,Gryffindor,Efren,Sotelo,2000-03-24,Left,53157.0,642.0668078877801,-3.731583390209028,-6.4206680788778,5.537000000000001,-430.8413869051128,592.0578084894732,-5.679532987655486,952.4800067295448,1.6241740139985756,-2.0024508868722384,-253.20894,195.93
50,50,Gryffindor,Israel,Roach,1999-03-23,Right,42836.0,420.6281622512083,-5.996391408199898,-4.206281622512083,4.066,-490.6709728461078,586.5663669451293,-4.608931187986684,958.5203482884486,4.0119384673969325,-0.6921841218019021,-253.0686,177.52
51,51,Slytherin,Gene,Southerland,1997-11-18,Right,47880.0,-508.0961662440525,-5.3151173064857415,5.080961662440525,-7.952000000000001,-460.66974594553113,373.2900322282527,2.211948801657565,1080.1149921632357,9.819557716523132,-1.2111045718472646,-253.02188,-63.61
54,54,Gryffindor,Rena,Conners,2000-01-03,Left,44262.0,442.5297807980382,-4.159918828909026,-4.425297807980382,5.766,-725.1181562349636,569.3116078495827,-6.499374126107093,951.2873280242824,0.8087147473593586,0.4131136082059517,-252.47465,207.58
55,55,Slytherin,Sallie,Olivares,2001-05-08,Left,68337.0,-240.5808380546587,-8.466872317161561,2.4058083805465857,-3.055,-362.5056034493952,462.1625940838477,7.084376678562577,1031.4035829641168,11.6007286096271,-0.606269997825454,-252.16026,-100.81
56,56,Hufflepuff,Kirby,Toscano,1998-11-20,Left,37503.0,655.7822946950319,4.013761055058096,-6.557822946950319,,-565.2083930793641,488.0185114462386,3.697794829572822,1044.3344279084552,8.27520702841892,0.5963720283092984,-243.60572,65.23
57,57,Slytherin,Tammi,Dexter,1997-03-15,Right,54555.0,-400.7418936801956,-4.149147757648881,4.007418936801956,-4.711,-479.519923618225,408.2826725668484,3.139227293077824,1055.2616034259238,8.413704761490253,-0.4323140279542813,-250.70782000000003,-50.1
58,58,Hufflepuff,Santo,Call,1999-11-09,Right,18882.0,679.9441148751796,4.749802945846046,-6.7994411487517965,2.991,-361.6947070580284,381.054579293513,5.284483976823548,1038.2415655133746,7.024570762628695,-1.332439437031939,-245.8258,41.31
59,59,Gryffindor,Millicent,Corcoran,1997-10-07,Right,45361.0,579.2673013893152,-4.812674685782127,-5.792673013893156,5.589,-286.93824511056187,592.320612107805,-3.2307414012837987,974.1081657516604,4.820525642893224,0.602047949653184,-251.28892,150.33
60,60,Slytherin,Vincenzo,Seaton,1997-05-29,Right,51703.0,-461.4093394908483,-5.887282774348623,4.614093394908483,-6.869,-334.1827270884367,395.5129669617437,3.5070920536817827,1057.4804761308203,9.408525512226811,-1.1078928252127682,-252.45353,-68.8
61,61,Ravenclaw,Patti,Montano,1998-03-24,Left,44262.0,-352.50013096293725,5.501649628380539,3.5250013096293724,6.285,757.775542692951,654.4987457049356,4.3774327672933975,1077.107597770614,9.752553292928006,1.5398819014558929,-228.81557,7.38
64,64,Hufflepuff,Dollie,Gibson,1998-01-14,Right,55840.0,326.2217198211632,7.407129158171243,-3.262217198211632,5.698,-603.3918929741014,411.3884030926083,3.572576309284673,,2.7482777708263617,-1.1008769793740267,-241.80063,15.35
66,66,Hufflepuff,Bart,Burnside,2000-03-20,Right,64219.0,405.57572877883433,4.3478957474584,-4.055757287788343,5.813,-897.8370960082959,465.411826568784,5.286010067276183,1075.488163826367,9.165098168617954,0.1941036295098912,-243.61837000000003,-6.49
67,67,Ravenclaw,Sydney,Lamar,1996-12-19,Right,30461.0,-608.1609661362443,7.030299546150498,6.0816096613624415,3.873,110.636573003993,540.539570096604,6.564960248876256,1038.7145849967512,7.0499228867192425,0.4109491944126668,-229.90781,17.89
68,68,Gryffindor,Lesley,Conley,2000-02-08,Left,39225.0,546.1048515582914,-5.177676827131712,-5.461048515582916,5.2360000000000015,-478.2053839467278,583.9009789986392,-5.619651212802019,932.1547541090092,1.3723222888566218,1.1736933909229337,-253.30962,213.83
70,70,Ravenclaw,Milo,Wicks,1997-05-10,Right,,-189.27003255905225,4.7061151410689135,1.892700325590522,7.776,636.457836760555,618.4120768692837,5.972014066480608,1065.549153467155,8.157173029037725,1.3578528720761662,-230.66224,-34.52
71,71,Slytherin,Chauncey,Ambrose,1997-09-23,Right,56313.0,-463.6502500606741,-2.457738111279645,4.636502500606741,-3.523,-497.6966702112428,448.2469179293768,3.0324715106011406,1033.5124263006678,7.354243224801251,-0.3170546276027209,-248.22068,-13.85
72,72,Slytherin,Robbin,Cortez,1998-09-21,Right,37901.0,-508.0190338128575,-4.079018872609407,5.080190338128575,-5.725,,407.1401840978691,4.7358574923446985,1052.0715585372975,10.65707959157059,0.3930427747554777,-249.20965,-39.65
73,73,Hufflepuff,Mellisa,Musgrove,1999-01-26,Left,46240.0,530.227319204472,6.551776365317947,-5.302273192044719,3.148,-576.4826954194305,402.5438609598957,1.516808067912832,1051.9780183059731,3.849727948784812,0.4555014065502934,-246.20151,57.61
74,74,Ravenclaw,Alexander,Ashworth,1998-10-12,Left,54847.0,-203.96737761219387,3.998021154306869,2.039673776121939,7.718,806.681413559967,624.0858951051516,5.781731645651822,1082.0672531603082,9.071699291714696,0.0128978884220931,-230.17997000000005,-51.5
75,75,Hufflepuff,Jessie,Madden,2000-11-11,Left,54986.0,440.8438262308952,6.506027505582906,-4.408438262308951,4.794,-392.9760394815266,411.03990190478265,6.1003213300208685,1036.1595341491422,4.221408674350881,-1.1535875769773252,-242.80759,-6.28
76,76,Ravenclaw,Marcos,Pfeifer,2000-11-15,Left,69442.0,-557.4308145437269,7.632078695509895,5.57430814543727,5.269,638.1494093440018,636.6509269642495,4.514082718303876,1059.4215080570089,5.990332243527781,0.1350349866516061,-228.8198,-9.2
77,77,Ravenclaw,Bess,Browne,2001-08-14,Right,46350.0,-298.2622717840378,5.54437673886142,2.982622717840377,6.658,432.3369006341099,645.247265223469,4.797739920975449,1048.1908595432876,8.733861638425891,0.1450460960525409,-230.3282,32.77
78,78,Hufflepuff,Marilynn,Maki,2001-01-06,Left,70868.0,349.7348064996019,2.2628549354313416,-3.49734806499602,4.612,-569.1749940807236,417.2556309736137,4.857709460854919,1064.649952266996,5.7244714074980845,-0.3892734498133775,-245.9729,-54.51
79,79,Hufflepuff,Seth,Conaway,1999-09-18,Right,68359.0,418.6807819064729,2.3987267447642164,-4.186807819064732,5.468,-521.3102149343797,459.21001773686135,5.054253489955328,1054.5440184680233,6.7893895060061205,1.1015454775412754,-245.05387,-28.36
80,80,Hufflepuff,Concepcion,Wilkinson,1999-06-19,Left,46079.0,474.2898484815368,2.8237462830384312,-4.742898484815368,4.681,-404.59594543529136,405.7418984473488,6.156093737254994,1047.1635445539496,6.482312107498415,0.6270437847565277,-244.82078,-26.57
82,82,Slytherin,Arnold,Kersey,1998-06-12,Right,37887.0,-515.8409219526714,-6.540225265528053,5.158409219526714,-7.491,-497.8380424628671,370.4816797403157,,1081.1865600725398,12.161321413854992,-1.2188837931329186,-252.12602,-82.61
84,84,Hufflepuff,German,Bronson,2000-06-22,Right,58549.0,477.18915910727776,4.6698509754366935,-4.7718915910727775,6.445,-742.8481132871193,380.2449783858424,4.889160429203322,1072.8751751657326,4.859939345873153,-1.2133457990902643,-244.21177000000003,-39.78
85,85,Hufflepuff,Hallie,Slade,2001-04-10,Left,51592.0,404.63063954915225,3.2481628597843266,-4.046306395491522,6.27,-405.99285129636655,453.9123249803845,,1039.7605177063929,6.340714686673364,0.0253093915092692,-242.60241,-11.22
86,86,Hufflepuff,Rufus,Geiger,2000-06-29,Right,20807.0,661.1120436579648,5.070565395322594,-6.611120436579647,4.824,-275.1294867683956,437.2001972439055,3.895704955115901,1021.8547005146866,5.904646144320843,0.0585876601711535,-243.93181,78.72
88,88,Hufflepuff,Marion,Galindo,2000-02-23,Left,47052.0,561.6559199596363,6.154023758537017,-5.616559199596363,3.749,-246.9314297363984,386.4191261879637,4.249600813824982,1028.143468794004,2.5104245404568672,-0.8511317571161439,-245.17349,17.14
89,89,Gryffindor,Aisha,Steffen,2000-02-08,Right,67687.0,239.6957642127336,-3.4640191301689454,-2.396957642127336,5.25,-602.3663235488892,659.3533550509658,-7.392166051120612,962.8172288806368,2.142782574905993,-1.4746064699518395,-250.64727,212.01
90,90,Gryffindor,Tabatha,Bartlett,2000-02-13,Right,47749.0,473.9594644537471,-5.203283992057737,-4.739594644537472,5.212999999999999,-598.1996765989197,598.2177024949481,-5.7227426492442905,931.5404071789532,1.4396819350126968,,-253.36058,213.28
91,91,Gryffindor,Oma,Prosser,1998-07-26,Left,60337.0,308.54461787237733,-3.6096540503280985,-3.085446178723773,6.882999999999999,-231.057459318709,636.0795719842497,-4.939479676363117,984.255441883197,2.9838141870231385,-0.9146227391949916,-247.82592,147.71
92,92,Ravenclaw,Florine,Crabtree,1999-04-04,Left,38317.0,-345.89128549463555,6.96155360435082,3.4589128549463566,5.8610000000000015,465.421011142633,593.0667059477843,5.746750567656782,1047.7662420039394,7.496068441511896,-0.8711453603276128,-229.55943,18.77
93,93,Hufflepuff,Glenna,Rodman,2000-02-07,Right,86521.0,236.8861914184944,3.889555606890064,-2.368861914184944,,-334.6255678679438,408.33127192815147,2.625982150484424,1048.5681604557276,-0.2461026445953109,0.1581286094442497,-244.86997,-57.61
94,94,Hufflepuff,Sarah,Mccurdy,2000-05-24,Right,40041.0,423.72970727890487,7.297099109535134,-4.237297072789048,5.725,-413.6913707528254,392.29596800999326,3.3471567507216777,1037.2260073063885,1.8286400171438568,1.3960199262805228,-241.87543,32.42
95,95,Hufflepuff,Vesta,Rodman,2000-02-19,Left,32995.0,737.2957435720047,4.380005410809342,-7.372957435720048,5.415,-353.1070078725637,298.2189599119104,3.6443987884960087,1051.5941183023024,1.2289187534920265,0.2048944997103961,-246.92665,-22.77
96,96,Gryffindor,Gabriella,Snook,1999-04-05,Left,40377.0,529.1895411283647,-3.7856221594879567,-5.291895411283647,5.922999999999999,-645.3830056545745,615.0863313301887,-5.4829806088532616,960.6549757710112,4.160832420156689,-0.496053015772492,-251.26696,220.38
97,97,Ravenclaw,Billie,Irvine,1998-03-23,Left,48416.0,-454.6973968449776,4.1521893682783775,4.546973968449776,5.464,587.6877059480232,609.1149083500918,5.035510550182293,1064.4063373741496,8.220708584271447,-0.7585919776943548,-230.70509,-19.33
98,98,Slytherin,Allison,Ketchum,1998-07-20,Right,35796.0,-662.4667943509653,-4.4429124927184365,6.624667943509652,-3.542,-624.8435109690846,374.422516668655,6.043296729866028,1057.4390369668408,9.448966565083404,-0.9391020568781272,-246.52071,-83.43
99,99,Hufflepuff,Dovie,Darden,1997-10-09,Right,72219.0,385.2596952999597,5.81125399995247,-3.8525969529995976,4.1080000000000005,-507.4167192404275,379.1414663677916,3.67506946331026,1056.1924277622848,1.9250482727865847,0.3371504289632541,-245.50725,-32.85
100,100,Gryffindor,Dianne,Gulley,1997-08-06,Left,32401.0,663.3114579687891,-3.7379586281520014,-6.633114579687891,5.3210000000000015,-355.91334409817483,621.4829544195684,-4.58539579746124,976.9447294813398,6.467256170447585,0.8078199234012003,-250.98496,209.29
102,102,Ravenclaw,Mariah,Allison,1999-09-08,Left,75206.0,-635.5742012070349,5.435313135279752,6.3557420120703485,4.203,538.2390293299384,628.4171762940286,3.6035049617138015,1041.8250846013768,4.725093354369534,0.1638341234052191,-231.65535,-8.22
103,103,Hufflepuff,Eunice,Kimball,1997-09-14,Right,56467.0,529.3030052289412,4.204821103561154,-5.293030052289412,6.89,-511.8962774657433,386.227460206767,6.335260445646684,1054.6768353183302,4.540173864869352,-0.9805984774659277,-243.6346,-50.5
104,104,Ravenclaw,Jermaine,Hilton,2000-06-17,Right,57493.0,-316.95819630401763,7.056762549034356,3.169581963040176,6.811,439.4116846508392,635.974144011163,7.627175738593737,1051.755077750188,9.2709816832348,0.8064682477769355,-228.81269,-9.05
106,106,Slytherin,Wilma,Marroquin,1998-12-29,Right,58994.0,-529.8336462977353,-7.551878451788433,5.298336462977353,-5.441,-420.0061455725513,372.0458319129935,7.031750274519412,1046.2061307871647,9.484187396697552,1.7694646986024396,-251.70157000000003,-134.02
109,109,Slytherin,Caryn,Irvine,1999-07-11,Left,65151.0,-340.47712877179464,-9.573924459742496,3.4047712877179466,-6.9910000000000005,-240.3844853877236,424.1737103817173,5.35531193736152,1053.3427703322022,11.960950732479231,0.1851757806294785,-255.36437,-111.75
110,110,Slytherin,Octavia,Hamby,1997-08-04,Right,53672.0,-568.4347528438542,-4.239520728602262,5.684347528438543,-7.213999999999999,-558.7776213219696,350.1109816572477,1.390732469720544,1087.122080148455,7.717584206839883,,-252.34285,-73.57
111,111,Ravenclaw,Elmo,Samuel,1997-10-09,Right,80698.0,-585.0191291577961,3.1898344848682485,5.8501912915779615,4.982,1092.3886105728684,623.5655706886978,6.364252990529107,1068.6085802845414,6.424160493348571,1.2666859829880914,-230.46179,-107.59
113,113,Ravenclaw,Lynda,Peace,2000-09-16,Left,63085.0,-535.9631008491577,5.204957838617238,5.3596310084915775,4.947,586.1422517648629,606.48910681978,1.4228441184972218,1032.6371003153909,2.3528399658000354,-0.5924173093432028,-232.47674,22.38
114,114,Ravenclaw,Curt,Sorrell,1998-08-21,Right,99356.0,-643.1680713069306,3.864537490275976,6.431680713069308,4.954,832.7382625617622,635.2443531910724,3.2624078281703843,,2.1728626875837134,1.34144306976047,-232.6804,-62.53
116,116,Ravenclaw,Roman,Stamps,1998-06-25,Right,43903.0,-615.7762884454629,5.282133070929046,6.1577628844546295,3.335,552.5711492773577,571.3624087031078,3.1248889801370154,1029.5300542313096,3.825085878371043,0.8936793324806668,-231.97034,23.05
117,117,Slytherin,Sheri,Tuttle,1997-05-11,Right,64893.0,-519.5256358296159,-6.361745193106215,5.195256358296159,-6.945,-628.7998129398574,335.2345645257297,4.204773786179422,,8.735903218516459,-1.9948528707930293,-253.98085,-128.79
118,118,Hufflepuff,Sharonda,Hansen,2001-04-25,Left,30360.0,714.1149421297548,3.8020363786508353,-7.141149421297548,5.747000000000001,-484.5331077227224,414.2573961481648,7.048594642235372,1044.573924674855,8.599684067619055,1.0418670200071052,-244.29127000000005,8.27
119,119,Hufflepuff,Rudy,Sigler,1996-12-13,Left,53747.0,402.3001417950553,3.530123460247012,-4.023001417950553,8.131,-623.5214066934777,395.7218484505045,5.08669689187408,1064.693322863819,4.2746396273666285,0.3196918148834346,-242.27829,-47.35
120,120,Ravenclaw,Ruthie,Hennessey,1999-10-02,Left,55822.0,-605.1690924876692,3.649099472007122,6.051690924876692,5.044,606.1203514615,690.8804539178152,4.221924952936674,1041.5330878808963,8.997370378174917,0.9700286918905174,-230.0022,24.51
122,122,Ravenclaw,Jean,Herron,1998-05-10,Right,25521.0,-436.24884643414686,6.474863131317236,4.362488464341468,4.869,522.1715997244451,527.9337937892278,4.459569723219412,1046.1639573249836,4.752422119507672,0.0599046063849924,-230.4195,12.92
123,123,Hufflepuff,Eileen,Santoro,1998-11-14,Right,91006.0,49.84224410654053,4.07105323766236,-0.4984224410654052,4.953,-767.512319847308,419.5410370404423,2.5460896700147537,1078.8972409376834,2.6291770181414966,-2.32106129799432,-244.26175,-60.98
124,124,Hufflepuff,Jonathan,Kingsbury,2000-06-06,Right,40304.0,575.2121843783339,4.274065280088816,-5.752121843783338,,0.6005743975177502,336.50614583541494,8.121613195628488,1018.2205012936674,3.744288425463465,-0.1253705817111685,-246.37242,-45.07
125,125,Slytherin,Brooks,Bettencourt,1999-09-26,Left,49342.0,-526.0859806925057,-4.036462449149498,5.2608598069250565,-5.763999999999999,-627.6900074406183,374.5229978785511,4.326933289561747,1062.0475552673126,9.142679119096826,1.6149153943110088,-250.42092,-68.14
126,126,Hufflepuff,Amanda,Anaya,1999-08-18,Right,44716.0,362.5032318904866,5.234574629385135,-3.6250323189048657,3.715,-344.9898066027987,480.13605325383776,4.281443155647205,1027.4836774108724,6.486040479708785,-0.6937017894070421,-242.9028,55.66
127,127,Slytherin,Russ,Blais,1997-09-04,Right,44770.0,-531.9043967543388,-5.1549411645906345,5.3190439675433865,-5.577000000000001,-401.9862001840712,399.7636080150557,3.8752004138047855,1056.4237410427052,9.339369229360576,,-250.01667,-61.42
128,128,Slytherin,Wilbur,Burnside,1999-05-24,Right,45982.0,-488.9785079868636,-4.963730079291379,4.889785079868637,,-617.4040268104895,398.49990048810594,5.528243231441679,1059.217553368259,9.617422309157933,-0.5632199018740616,-247.73032,-83.27
129,129,Hufflepuff,Valarie,Valentin,1997-09-27,Left,42551.0,657.100095123139,8.127386769410322,-6.57100095123139,3.919,-294.83786332300065,319.1080196126196,2.827435252204852,1036.4315100603385,-0.6851878477010405,0.3556839544802716,-245.78322000000003,18.2
130,130,Slytherin,Oma,Whitlow,2000-04-29,Left,46919.0,-404.372186541756,-5.078322642489496,4.04372186541756,-4.61,-322.9054893546188,456.635923784646,3.968856652509384,1039.1307085684732,10.276648636048334,0.0852451376997611,-249.67188,-28.32
131,131,Gryffindor,Nelson,Doolittle,1998-11-25,Left,32154.0,429.2554521387429,-7.7905820160194095,-4.29255452138743,4.299,-362.4630769343058,532.3484938569541,-3.5301756757370466,932.4673231572592,1.6126967963194367,-0.4197077744965173,-253.98387,153.59
132,132,Slytherin,Angeline,Trice,2000-04-02,Right,57769.0,-608.9149949864728,-9.953412078187052,6.089149949864727,-5.834,-460.6246625707302,358.904410560868,9.494249074769064,1048.6952318441702,11.61728541084899,-0.9737175264700044,-252.13077,-180.37
135,135,Ravenclaw,Lloyd,Blair,1997-05-13,Right,,-410.0433800648359,5.424500213157987,4.100433800648359,6.28,646.3970505738997,615.1309059306952,3.389682670285141,1049.400574764988,3.699480696959432,-1.272503416840197,-231.8865,-25.3
136,136,Ravenclaw,Reginald,Jordan,1999-06-10,Left,72259.0,-650.2578796427903,4.8700311219585775,6.502578796427902,4.815,518.0200601612597,627.6004488060165,4.108174932170596,1030.106352978376,4.374231618276964,-1.3025116828845449,-231.32397000000003,-8.05
137,137,Ravenclaw,Loraine,Cornell,1999-03-03,Right,65257.0,-567.9367699236492,,5.679367699236495,4.552,622.8874331648649,579.7480743903235,5.6230902004698935,1050.196608805973,5.437836279761195,-0.0039503262260697,-231.86231,-55.94
138,138,Hufflepuff,Ahmed,Nixon,1997-07-29,Left,48503.0,376.0672246218932,5.440261803832966,-3.760672246218931,6.182,-641.078187652068,423.3265828622044,2.7902750508823084,1057.7354954959262,4.208607987013705,-0.3904360993732139,-242.6917,22.29
139,139,Gryffindor,Rashad,Massie,1997-06-29,Left,62442.0,741.3409427247833,-1.3542832920553831,-7.413409427247831,7.782999999999999,-560.006130689935,597.7039642230521,-7.018531981033775,946.5523564245456,-1.14951082500442,0.5535948439413207,-252.15187000000003,219.3
141,141,Ravenclaw,Ron,Hein,2000-12-12,Right,46540.0,-596.6361937636419,5.4231670616122765,5.966361937636419,4.101,455.2385437675364,612.3042514023821,4.617962264632348,1038.9382573295873,6.9347625606291,-1.5483542701794208,-230.56534,21.25
142,142,Gryffindor,Dick,Enos,2001-03-18,Left,47266.0,469.4059601258023,-5.529584365411202,-4.694059601258023,3.981,-520.9485966422131,622.3857795225591,-4.622835308067772,957.758514994862,5.3516419173430565,1.5883960374994828,-253.08888,196.78
143,143,Hufflepuff,Lawerence,Sorensen,1999-09-25,Left,65283.0,389.2024319182311,5.804108097003042,-3.892024319182312,4.397,-449.0436916844738,425.2180272629188,5.322114768983852,1043.5728290377783,4.422417284799975,-0.3894867037299379,-243.78056,-13.04
144,144,Gryffindor,Billy,Le,1997-01-30,Left,22398.0,599.5852111840952,-5.705504055909232,-5.995852111840954,4.66,-569.9967720898802,596.599814445475,-3.767260727505999,952.401218607206,6.477809370926361,0.4112315305903757,-252.61465,217.25
145,145,Gryffindor,Nilda,Brogan,1997-04-16,Right,64395.0,597.0366261315444,-3.4482006663933635,-5.9703662613154425,7.359,-95.69736493123102,,-4.1743558750331085,958.2566180992128,1.1268872970354142,-1.791074054701447,-250.10574,147.89
146,146,Slytherin,Esteban,Milne,2001-07-12,Left,42359.0,-562.6819044344254,-6.000505974326996,5.626819044344254,-5.214,-529.9790418575392,375.728085285858,6.407741514386897,1056.650318791638,10.623115092006325,-0.4461055089357852,-249.61248,-97.27
147,147,Gryffindor,Wilford,Stewart,2001-05-02,Right,35843.0,489.89425324822,-3.6530554555555073,-4.8989425324822005,6.509,-349.7733274236956,627.3851026449479,-4.990578109673786,972.2727747958672,4.661388683799714,1.0580512403618028,-248.8942,201.19
148,148,Gryffindor,Scarlett,Reyes,2001-11-01,Right,41153.0,299.15988793687285,-6.188562987388673,-2.9915988793687287,5.301,-460.6612894818784,565.3682291860599,-5.7876458677834455,934.3390401041092,-0.1815098639308221,-1.1287205243874516,-252.18504,183.15
151,151,Gryffindor,Dan,Whitt,2001-10-28,Left,43174.0,666.1027100731758,-3.7987627805183455,-6.661027100731754,5.3370000000000015,-512.1227025225447,614.7657965558212,-4.734302228187473,965.214770858404,5.143056633733703,-1.0281133022192503,-252.364,208.29
152,152,Gryffindor,Jeff,Ernst,1998-02-23,Left,32262.0,791.1833391441772,-2.6006437718342896,-7.911833391441772,8.042,-542.2729290410913,536.7796445862099,-6.272048189931038,937.8606073393432,-1.4048837129040712,0.4511973960368234,-252.1266,221.15
154,154,Slytherin,Renaldo,Cushing,1997-05-13,Left,37115.0,-611.8966141749132,-5.612528220440685,6.118966141749133,-6.691,-713.0879484684998,323.4515005267623,5.323453249020779,1090.201068462954,11.093163527645846,0.2047321886027976,-250.79363,-110.75
156,156,Gryffindor,Alberto,Michaels,1999-09-30,Left,39731.0,660.8558858847127,-2.811463112509757,-6.608558858847128,6.502999999999999,-601.0012534685634,608.6887585885438,-5.376520300137536,974.1762252515224,4.579109237637884,-0.9599175291104838,-250.98261,215.49
157,157,Hufflepuff,Lauren,Provost,1997-01-21,Right,44378.0,478.93829913883127,3.2705984981449454,-4.7893829913883135,7.217,-399.89268902651605,413.39553376675576,7.7617714151593935,1043.4073320460702,6.384901265983324,-0.7276334066524749,-241.89849,-43.13
159,159,Ravenclaw,Mickey,Bratcher,2001-04-25,Right,,-538.3323832193067,3.8083331589830665,5.383323832193066,5.7,928.7153975554984,646.8372345539542,4.221800721071086,1055.5067547282188,6.454052705171398,-0.1125446694921331,-229.88521,-29.56
160,160,Hufflepuff,Carmel,Olivares,1997-10-25,Left,57084.0,476.6835504564386,3.020527660191415,-4.766835504564386,7.775,-649.92791442077,444.9434954864912,4.44375676474414,1062.2976840573992,6.181211732032223,-1.0024516120601843,-243.31048,-17.02
161,161,Hufflepuff,Fletcher,Wingfield,1997-01-28,Right,71129.0,281.6377537719174,5.647298066086288,-2.8163775377191747,3.73,-547.6220495164306,348.35672446399064,7.324278747993341,1061.1714228849278,3.6157278302975295,-0.4118524723200033,-244.14334,-87.64
162,162,Hufflepuff,Omer,Carrera,2001-10-13,Left,52049.0,374.5028644248592,5.626831896681051,-3.745028644248591,5.501,-680.5592044941733,405.49289976007606,9.986958490100893,1058.9222721807582,8.847001568308011,-0.1385371563373891,-241.08842,-56.51
163,163,Slytherin,Lucio,Negron,1999-01-08,Left,67129.0,-500.83168103074087,-5.6287442668394725,5.0083168103074085,-4.98,-145.46668812709308,437.7989845658098,5.022475789370106,1008.6744112401936,6.517021695696429,0.352831082075522,-250.63658,-69.99
165,165,Hufflepuff,Chong,Woodard,2000-03-20,Right,34543.0,650.9465307558138,5.166446839060284,-6.509465307558137,4.846,-324.32360263064425,380.1346584525196,3.5398941286868344,1038.3852286061554,3.4148113499108765,1.1029135122944909,-245.30497000000005,27.31
166,166,Hufflepuff,Nan,Hurley,1999-04-20,Left,57873.0,338.82293086693727,7.329863878135122,-3.3882293086693736,4.189,-616.8391787647063,426.94975282618486,2.3272451943555783,1052.1644381491808,3.4168291515109006,0.8036904220336857,-243.45278,38.9
167,167,Hufflepuff,Jonah,Rosa,1997-04-07,Right,54696.0,445.8123504230733,1.604080645386337,-4.458123504230733,7.3279999999999985,-626.5379030304357,394.2019539453881,7.635448725839431,1070.4105816296906,7.402755763372745,0.2994655621147721,-243.53251,-85.17
168,168,Slytherin,Ervin,Shelley,1998-08-03,Left,,-273.0798764317556,-6.7004688031395006,2.730798764317556,-5.218999999999999,-287.89289199806507,,4.3059580578709085,1020.1217758343696,6.548906544029237,-1.6185929132396442,-255.2995,-95.88
169,169,Gryffindor,Jayson,Somerville,2001-06-23,Left,42547.0,426.45154456395215,-2.8706729935202016,-4.264515445639522,7.05,-582.9211907174829,606.9511449390733,-4.982394922905653,995.840619724278,4.793895003848593,-0.661986196739527,-248.28095,177.61
171,171,Gryffindor,Roy,Delossantos,2000-08-28,Left,53431.0,458.3909154797474,-5.195214988185951,-4.583909154797474,4.271,-476.143263717865,630.2490136557295,-4.3993626871966685,960.7178996289572,5.1987748614103975,1.0142778768826,-252.56696,186.08
172,172,Gryffindor,Clinton,Hemphill,2000-01-13,Right,38984.0,498.8515227163389,-4.72777708858731,-4.988515227163389,7.004,42.24843247278108,648.8820637240212,-1.8321128566375853,986.2387814924612,7.323180071302537,-0.4725118722427806,-246.82635,137.9
175,175,Gryffindor,Maggie,Damron,1998-06-02,Right,62042.0,476.2530837143403,-4.368506424964557,-4.762530837143403,5.8020000000000005,-585.9517245498463,572.8403769320282,-5.275262067619121,955.57285922298,0.639725633452406,-1.1448344648640176,-252.9695,163.15
176,176,Ravenclaw,Dovie,Saul,2000-08-27,Right,,-647.4568161938353,4.412894875519283,6.474568161938352,,368.3789108005743,568.3490491745223,4.99926723646908,1047.1972266657665,7.830296310022756,-1.6389979165803126,-231.69042,10.56
177,177,Hufflepuff,Raymundo,Cooksey,1999-04-16,Right,60975.0,417.87412738761526,6.231948653378532,-4.178741273876153,6.4,-561.6842237595636,377.1870268970792,5.981996899425679,1054.7326507684036,3.104147980486049,0.2237700792806665,-242.47435,-44.31
178,178,Ravenclaw,Marty,Herrin,2000-06-20,Right,57532.0,-539.4599817797457,3.2411885701974947,5.394599817797457,5.16,254.99485732415616,639.3262584764062,5.393172189630898,1028.2103037574868,8.073240797461697,0.2168218645779212,-232.18652000000003,12.05
179,179,Ravenclaw,Rose,Torres,1997-12-16,Right,55371.0,-547.5567676599428,7.140489002772678,5.47556767659943,5.138,409.3729203396052,585.1080820440028,4.634795640063025,1042.6214310907126,4.742602440999928,-0.8365459311603338,-230.03135,4.41
181,181,Hufflepuff,Augusta,Blanchard,2001-09-13,Right,39874.0,658.6907505621286,6.6174847663589365,-6.586907505621286,2.858,-496.6530394619683,378.1014187422952,1.3530138258308622,1049.2652539866478,3.2872279261220383,-0.1338135441544775,-247.34739,61.58
182,182,Ravenclaw,Aretha,Trice,1996-11-08,Left,79428.0,-281.4286789956169,4.945813453890494,2.814286789956169,6.5829999999999975,517.679244892362,608.3003162088287,5.122940005570913,1036.250231706285,4.484910400050921,-0.7669961802704965,-233.16651,-32.36
184,184,Ravenclaw,Lorenzo,Bundy,1999-11-23,Left,87138.0,-365.47166111582845,-6.6718089774476885,3.654716611158285,-7.125,-501.8877333413019,387.83613224479865,6.0298670334943845,1033.374715892715,8.248788657581947,1.3835783781876474,-255.96693,-120.43
185,185,Hufflepuff,Valentina,Gibson,1997-04-26,Left,53960.0,505.681327072416,6.049238885737318,-5.05681327072416,4.136,-457.606407640011,387.68178055707983,1.6309298190349684,1047.4329375994148,1.6857734765235663,0.4470020411128702,-245.93674,26.64
186,186,Hufflepuff,Ali,Battles,1999-06-25,Left,44095.0,626.1834382824775,5.415559805061089,-6.261834382824775,5.311,-333.0634198414465,386.8046962172157,7.2247534761746754,1034.6360007394928,5.0946255429291165,0.8764597225763691,-243.82131,-17.54
187,187,Slytherin,Stacey,Wu,1997-10-08,Left,31210.0,-525.9697368184118,-3.5898117534314826,5.259697368184118,-3.002,-626.5853562289046,412.152266543836,4.59961082081642,1062.5296446379357,10.582996057867122,0.2384106189083935,-246.34111,-38.68
188,188,Hufflepuff,Daron,Kitchens,1999-02-28,Left,49529.0,426.24905868163256,5.688908158961578,,6.537999999999999,-499.5316869486786,411.1502890519687,3.5371052791937707,1047.4195133988444,3.0194325901068573,0.5074404860428015,-242.48361,9.71
190,190,Slytherin,Johnathon,Odom,1997-08-20,Left,58492.0,-272.03517346197657,-7.493774610990652,2.720351734619766,-4.77,-351.55253978720594,449.87630545327767,6.679820255918294,1034.3483259915183,12.128236745615885,-0.1239578319919796,-252.31929,-78.63
191,191,Hufflepuff,Geoffrey,Joyce,1998-04-09,Left,62429.0,495.5887741908954,4.16319347542818,-4.955887741908954,5.646,-616.2838916880063,394.6245135449816,4.240603841766073,1063.0593209928766,4.3828146595856055,-1.9791348897991063,-245.40838,-30.11
192,192,Ravenclaw,Charlotte,Evans,2000-11-29,Left,55527.0,-532.6318687848265,4.2747494903260375,5.326318687848263,5.723,,625.6888859862345,6.10262442630188,1063.194194636801,8.312158786557847,0.6620911064851472,-229.29056,-41.14
193,193,Hufflepuff,Winnie,Wentworth,2001-04-04,Left,23669.0,558.3641462242324,5.073431532145102,-5.5836414622423245,5.585,-616.1168194449317,376.8050967460728,8.914703349116285,1053.2676951431283,8.941348503657181,0.6866273082561486,-242.00694,-16.34
194,194,Slytherin,Vickie,Candelaria,1997-10-02,Right,26557.0,-743.6957960459201,-5.226165460163067,7.4369579604592015,-3.759,-698.4912868660465,352.85125591754206,6.764206365844292,1072.2308018376789,10.83414900680702,1.4907515459363736,-245.94679,-102.6
195,195,Hufflepuff,Fern,Cummings,1999-06-06,Right,34642.0,675.1752309586523,,-6.751752309586522,4.961,-402.1696082189196,430.1812892011132,3.550969341718713,1037.566952508938,5.842755458433974,,-245.16055,53.66
197,197,Ravenclaw,Velma,Coles,1998-10-16,Right,61099.0,-596.7967703662614,3.8589071451549217,5.967967703662612,5.475,601.8294245945518,627.5167873338708,5.064972375064622,1054.6195020715386,7.129772149091573,-0.187130321426284,-230.28325,-30.58
198,198,Gryffindor,Shayne,Slayton,1999-09-23,Right,46520.0,220.8153067333725,-7.674307289259994,-2.208153067333725,2.975,-835.3002102931459,544.6111192485308,-6.036172918782129,924.1644598010924,0.2824199669950067,0.4407498928480383,-256.0132,191.7
199,199,Slytherin,Lacy,Mcgowan,1998-01-15,Right,16697.0,-604.2535200802579,-3.3465421004709817,6.042535200802579,-4.936,-415.4256160551609,430.2352909227532,4.523608767613091,1047.57732961767,11.389266285479364,0.5220276886302291,-245.75565,-2.64
201,201,Gryffindor,Marty,Canady,1996-11-18,Right,55048.0,,-7.744565644211409,-4.228462270050397,1.946,-594.7961222120485,578.0978120037447,-4.66563181355334,929.9584747443228,2.972234416828248,-0.3451598788503426,-257.38018,180.57
202,202,Ravenclaw,Alisha,Avila,2000-05-09,Right,14522.0,-495.650941539802,7.044105732236433,4.95650941539802,4.199,390.22403203157006,539.9321259338851,6.2047629576490415,1060.9554778433462,8.530926301596825,,-228.75693,17.42
203,203,Ravenclaw,Patty,Prince,1999-06-12,Left,58984.0,-479.7182211048664,7.116839373647253,4.797182211048663,5.629,500.676850431328,595.3515164964689,5.63487840092072,1050.2716194006905,5.813837054637864,1.0509895408601886,-229.58248,-14.56
205,205,Hufflepuff,Renato,Sneed,2000-07-10,Right,59800.0,462.4728553153282,5.803786856379642,-4.6247285531532825,4.855,-727.8216267580025,435.0270046559933,4.9604359247514775,1061.828921920107,6.907009358766303,-0.3058438462871937,-244.06226,5.59
207,207,Hufflepuff,Marjorie,Boyer,2001-10-24,Right,30403.0,670.8950944689251,4.391258944977983,-6.708950944689251,6.746,-487.8605532930213,390.111484904905,5.6194908438376885,1048.062675974158,5.953459632776758,0.5041670893895411,-243.58725,5.54
209,209,Ravenclaw,Jonas,Rauch,2000-05-19,Right,26268.0,-559.9266516397339,5.157632942950904,5.599266516397339,3.733,637.7749571685538,538.4505793272707,4.378175538816984,1057.2653615623883,5.93829682026373,1.1741470684391684,-230.54234,-4.47
210,210,Hufflepuff,Neville,Barrow,2001-08-01,Right,53134.0,292.0726764122092,4.182950443030832,-2.9207267641220915,4.335,-612.9567857126308,441.8065266436088,5.8252416563826825,1055.9546496828025,7.67062566606673,0.3734962655592455,-243.10293,-8.52
211,211,Gryffindor,Charmaine,Renfro,1999-03-10,Right,42850.0,676.6931113578221,-7.287346257330445,-6.766931113578218,2.596,-650.4851386637457,536.6330150743453,-4.656877782539639,915.0064299311674,1.6973962339890702,-1.3744511098742904,-258.97753,201.43
212,212,Slytherin,Chantal,Goldman,1997-03-09,Right,5929.0,-762.844122960454,-2.2776446475152032,7.628441229604538,-2.695,-469.4330258601377,412.47623732750094,5.486221253980689,1043.103486612882,9.93290685140921,-0.0904994502094588,-241.55524,-11.34
213,213,Slytherin,Steve,Vick,1999-09-05,Right,53566.0,,-8.847165627424307,4.651956065217432,-4.5760000000000005,-398.9394310828915,403.44011797371127,6.7105153001168505,1057.463951020638,11.66752652014084,-2.059934713245452,-251.47774,-126.76
215,215,Hufflepuff,Tom,Haskins,1999-12-07,Right,63924.0,254.0068131990921,6.138805340080992,,2.9930000000000003,-365.1194872360422,452.7325286791143,3.862708780665389,1032.2946784130588,3.8824965350402008,-0.2276017457746799,-243.5927,22.71
216,216,Gryffindor,Lindy,Gracia,1998-01-14,Right,33563.0,747.4469702535724,-8.64865175490565,-7.474469702535724,1.444,-475.4161820714312,576.4978364268268,-1.9217785850832687,927.927729784298,7.4042233967580975,2.4163300363470577,-258.6056,188.6
217,217,Ravenclaw,Trista,Gantt,2001-10-21,Left,59061.0,-360.8194982612361,4.90991620307176,3.6081949826123614,6.265,932.4176116559056,670.4428896193707,4.034883257686069,1070.0684781678726,8.380733514904593,-0.2371991203173636,-229.56059,-9.89
219,219,Gryffindor,Amelia,Sharp,2000-12-24,Left,29517.0,705.1179450496028,-6.214961226617062,-7.051179450496028,4.624,-525.6287641512296,551.139509568161,-3.736088586127385,932.011620083677,3.2488939519361857,-0.0726339450326985,-255.1041,198.41
220,220,Hufflepuff,Shanon,Warfield,1999-09-11,Right,44780.0,552.6648019506729,6.626552730368086,-5.5266480195067285,3.067,-136.33194161758522,363.1465862013903,0.2985778801853458,1025.7858806249276,-1.4152138067268432,0.5765214629924764,-246.70308,49.97
222,222,Gryffindor,Jessie,Erwin,1999-10-08,Right,30430.0,479.0278531009412,-7.746425560329512,-4.790278531009412,4.223,-230.823816414727,547.3632662681209,-3.1500769102897506,937.0351703486084,2.705375658939249,0.752805429192182,-253.59114,152.69
223,223,Slytherin,Dudley,Cleary,2001-02-18,Right,21194.0,-705.767878939079,-2.9405134217949063,7.05767878939079,-4.283,-367.96977682326536,412.7205784719457,4.903436239100328,1035.4937554309354,,-0.2309088981810334,-244.6205,-20.32
224,224,Gryffindor,Leilani,Stamps,1997-08-06,Left,32842.0,516.9490913529813,-5.335326548245293,-5.169490913529813,6.2,-103.07165149996366,615.8067681292675,-3.3020854280115364,958.6437562334436,4.698396542274965,-0.575189445382816,-249.43561,171.32
225,225,Ravenclaw,Cecil,Tovar,2000-04-18,Right,66624.0,-485.3962837656369,1.905257349101088,4.853962837656369,6.227,731.8967317822351,651.4186513041814,7.175404995506983,1067.9856868260554,10.194201140117906,0.5669853088986707,-230.50917,-74.41
226,226,Hufflepuff,Reva,Stewart,1998-11-16,Left,69954.0,257.2919020469263,3.73364165491103,-2.572919020469264,6.916,-466.67050735876455,417.28147772160327,8.647227112316562,1048.8596565823514,5.302052969580574,-0.6520156233292221,-241.15766,-90.7
231,231,Gryffindor,Micaela,Valdes,1998-03-19,Right,42933.0,399.1178458383049,-5.549933778261311,-3.9911784583830494,5.233,-395.5753502369412,606.656082071099,-3.2726176873087933,974.7555602147248,5.697827403852696,0.4786732767987737,-250.45348,154.55
233,233,Ravenclaw,Tamra,Elrod,1999-11-12,Left,56803.0,-365.1532030400437,6.0874448820419085,3.651532030400437,6.699,687.0859066376332,637.6132211474691,4.0008688677715005,1066.4105332046995,7.08966890303517,0.2927408138853414,-229.46123,-2.03
235,235,Hufflepuff,Kendall,Pacheco,2001-05-25,Left,1775.0,,3.238427121840092,-7.52501894191985,5.1610000000000005,0.4681370618813574,366.542930123418,9.214219009508186,1011.29451041738,7.117096186536193,0.1639813561553572,-243.12244,1.53
238,238,Hufflepuff,Lenore,Trinidad,2000-11-07,Left,,572.782214091471,4.639782290727759,-5.72782214091471,7.938,-313.4671402062998,401.2322511385158,7.014270929761523,1034.3206795388833,4.0682062367883365,0.9739031227252268,-241.68553,-30.57
239,239,Hufflepuff,Olivia,Murry,2001-08-12,Left,45783.0,545.1811995899767,4.032515407358299,-5.4518119958997655,6.367000000000001,-415.2059018698471,390.473813731226,3.9346392204218494,1047.950901523296,3.3875765153249224,0.671013469925733,-244.34449,-8.48
240,240,Hufflepuff,Anton,Bouchard,1997-06-04,Left,41002.0,500.9054165532877,7.433887889603149,-5.009054165532876,4.378,-470.8725793299666,399.9310201456256,2.7037055154047103,1040.667870394583,2.9446756100290954,0.5665889409727437,-243.72801,52.66
241,241,Gryffindor,Dorothea,Horton,1997-01-18,Left,52433.0,382.3280765445562,-5.704310342119002,-3.823280765445562,4.457,-239.32451016418824,639.1714214405799,-3.870798640463848,968.3324075706068,5.539824223019147,-0.8326577860786851,-251.03932000000003,161.71
242,242,Hufflepuff,Aline,Underhill,2000-04-21,Left,38860.0,566.5356060266589,2.9439783019412347,-5.665356060266589,6.2479999999999976,-293.3137766763246,360.8650784212755,5.70056257248696,1043.823148431306,3.6592087046339232,1.6748712675834347,-244.46638,-39.87
243,243,Hufflepuff,Jana,Chitwood,1998-03-12,Left,54267.0,183.07434777484016,6.561746803154089,-1.8307434777484013,3.755,-458.3751591142663,346.89826052188386,4.5968785852645135,1051.2022332382835,1.2601796302136616,-0.0432962145536697,-242.73467,-34.85
244,244,Hufflepuff,Karon,Mark,1999-12-20,Left,66565.0,361.9800102191497,4.45404862959058,-3.6198001021914967,4.799,-866.8427272644722,452.7848731514724,7.87236895670368,1071.8149474606157,10.360315166602984,-1.6660242860479877,-243.37157,-36.79
245,245,Hufflepuff,Dennis,Seidel,2001-06-22,Left,64990.0,285.4791954355605,3.851663148847189,-2.8547919543556053,4.8,-564.4407452400969,399.2280784833497,4.379618442391008,1061.3683721717452,4.059970862783352,0.7554354451919371,-244.45513,-41.84
248,248,Gryffindor,Lisa,Paz,2001-05-07,Right,,591.4205441090012,-4.482701830151101,-5.9142054410900124,5.416,-353.5591723499984,602.028295658556,-5.612096214047023,934.4976145247472,0.1845183888923851,-1.1382949656920789,-253.87987,187.81
249,249,Ravenclaw,Sanford,Garrett,2000-12-16,Right,68111.0,-396.64089225359976,6.040018559733928,3.966408922535998,6.756,378.629564587498,662.4332921306551,6.501727370272405,1056.1542274268977,9.361449546208531,2.1799538447227835,-229.51217000000003,-9.64
250,250,Ravenclaw,Verda,Stephenson,2000-10-07,Right,37887.0,-527.9132552492642,4.502191862227737,5.2791325524926425,5.016,607.508920205598,587.917503481591,3.5472629714189683,1057.726947706317,6.39107125849478,0.5944463060546361,-230.52802000000003,4.03
251,251,Slytherin,Kristine,Jacob,1997-05-24,Left,84659.0,-292.4551995516032,-3.7835901867081305,2.9245519955160297,-5.96,-378.0132109174999,431.90165768333486,2.7388336228958154,1024.4799460012152,5.877581884166013,1.6978945839551678,-254.14821,-46.53
252,252,Slytherin,Mirna,Billingsley,2001-10-10,Left,46370.0,-521.4302399928272,-6.422108373520403,5.214302399928272,-2.249,-408.7238663994645,435.73230965965536,7.652382559811751,1027.2675817134698,10.316597355475343,-0.932774125810961,-247.07032,-87.42
253,253,Gryffindor,Brandy,Fielder,1997-02-24,Left,40949.0,430.7461438252797,-6.710169597290131,-4.307461438252797,3.699,-794.2185604748418,538.8803199866671,-4.920976287823453,939.720181744274,2.1008494753551297,1.614348697169676,-255.60148,185.5
255,255,Slytherin,Geraldo,Seaton,1999-05-14,Left,33251.0,-346.71897081857765,10.296759343358662,3.4671897081857748,6.087999999999999,400.4511031450853,593.2542195164856,9.44564473152484,1074.8214179551933,11.31031253799502,0.4698516621200859,-225.42814,-4.65
256,256,Ravenclaw,Gwendolyn,Rosales,1999-01-03,Left,23241.0,-332.1208254034105,5.099589328342897,3.321208254034105,5.439,698.9124308548468,619.4340307717805,4.934099607366919,1076.9184611268818,,-0.105810890026495,-229.14472,18.9
257,257,Slytherin,Keenan,Kozlowski,1998-04-25,Left,73677.0,-374.5740486528221,-6.723347495162045,3.745740486528221,-4.152,-361.5927191376271,436.8555949924961,6.67390443487025,1018.3912636103296,8.7522639052378,1.0430844055076425,-251.8601,-96.8
261,261,Hufflepuff,Son,Campos,2001-01-19,Left,26596.0,596.5666844065737,4.269317077750986,-5.9656668440657405,6.03,-102.81939115452002,409.9452290235061,10.870464705514596,1012.3407961757016,7.601552751044572,-1.5373921865492295,-240.96103,-27.51
263,263,Gryffindor,Rosanne,Bradshaw,1999-10-16,Right,45877.0,237.5101012953413,-4.8840121910758985,-2.3751010129534125,5.614,-697.1365749912079,607.3954926308081,-6.969016028257742,940.4520859162884,0.8068602205410174,-0.3092454772709351,-251.18317,220.86
265,265,Slytherin,Aurelia,Root,1997-07-21,Left,58516.0,-444.7821646726243,-3.950041179028336,4.447821646726244,-6.301,-440.3554039612639,394.6437711129717,2.075027372708976,1058.4968633282458,7.527710189193642,-0.8718463892363068,-252.09777000000005,-48.77
266,266,Slytherin,Gena,Mcdaniels,1999-02-12,Left,20184.0,-619.1370880234127,-4.777998330560197,6.191370880234128,-2.977,-380.3497401750723,444.2831477855997,4.216109679064087,1055.8337006023594,11.226360520053287,-0.3239582043354639,-244.86731,-24.54
267,267,Ravenclaw,Landon,Holcomb,2001-05-24,Right,60018.0,-592.8948431034594,1.8690916025438948,5.928948431034594,4.5310000000000015,928.31787282509,675.9053382282099,4.661148527093861,1057.866105647187,9.196488128584813,-0.624845897067288,-230.83331,-28.82
270,270,Gryffindor,Jarvis,Mcnutt,1997-09-12,Right,42293.0,531.098888108585,-3.4276910217983634,-5.31098888108585,6.198,-465.0955051365504,631.0143822263242,-4.862880655601323,977.0619657903746,5.362986029783387,0.5330201677453619,-249.79968,200.38
271,271,Ravenclaw,Lane,Rodrigues,1998-05-10,Left,57633.0,-584.46200813266,4.142216820668182,5.8446200813266005,4.849,750.5126244454352,632.4565701376972,3.1229751277610065,1060.6063737652105,6.3898503552800765,0.3045378322170143,-230.65569,-10.37
272,272,Hufflepuff,Tera,Cochrane,2000-12-26,Right,42577.0,424.3224574806332,8.576817271361147,-4.243224574806332,4.1610000000000005,-153.13022387998706,337.19150756573936,7.362512461529608,1018.6867021788762,0.763940032436202,-0.2009796114618522,-241.51467,-21.83
273,273,Hufflepuff,Elvis,Haddad,1998-03-26,Right,66774.0,227.437621017206,6.438242984161848,-2.27437621017206,4.072,-503.1174492796894,416.3137629929717,7.7655976010362675,1044.1911270539692,5.345871804032165,-1.3986324117004638,-241.77571,-42.81
274,274,Ravenclaw,Britt,Duckett,2000-07-28,Left,33010.0,-449.27808890680967,5.0800186593236125,4.492780889068097,4.206,118.0837530642056,508.938508144804,6.565545390883237,1036.72333327041,6.286684916953336,0.9334969577392056,-232.76409,-7.21
276,276,Ravenclaw,Pearlie,Rousseau,1999-06-20,Left,25168.0,-215.18466637943104,7.449835638300586,2.1518466637943106,6.3210000000000015,516.9802176901081,568.5209381719243,5.159087982451268,1070.4559061034531,8.206382389446869,0.3400788660702277,-229.27606,19.67
277,277,Hufflepuff,Erna,Metzler,1999-06-17,Left,42847.0,577.234856069598,5.181160583266419,-5.77234856069598,2.758,-318.7399575431325,419.5738353586065,3.206781151560912,1032.6361878659786,4.767945923280159,0.3053778436015683,-246.42805,48.8
279,279,Gryffindor,Ralph,Bostick,1998-05-14,Left,,640.6720357262668,-4.028032265411556,-6.406720357262667,5.433,-461.7680535540677,647.0015302794637,-4.760202670840381,953.2025372977664,5.594904321606584,-0.0890792146158354,-251.80498,227.98
282,282,Hufflepuff,Alejandra,Cardwell,1997-05-11,Right,72295.0,526.3325363743589,4.465065898178499,-5.26332536374359,5.626,-503.2211206907488,363.8302164082732,3.177358558903636,1063.0171654269875,1.3595326441001476,-2.0441768081630025,-246.58563,-50.09
283,283,Hufflepuff,Sol,Rendon,1999-02-16,Left,44094.0,491.5810088062119,3.651077278036276,-4.915810088062119,5.083,-394.2200082733307,391.9935417006461,6.7258490501930375,1043.8143337869874,5.832759512809857,-0.9274521333823246,-244.05744,-30.05
284,284,Ravenclaw,Benton,Spalding,1997-06-08,Left,62759.0,-388.4854723956244,7.3068299435627475,3.884854723956243,7.09,496.2515423151165,630.7497915364828,3.7677112276703015,1044.7808038034989,4.897175678612778,0.5355656514154086,-229.56172,18.21
287,287,Hufflepuff,Jody,Ricci,1999-05-04,Left,47886.0,480.9236332127162,3.87089729521846,-4.809236332127161,5.445,-428.61199457775285,378.77825263632377,7.971454372498657,1048.0572984720388,5.989586767074523,0.3085015132489081,-243.52366,-55.79
288,288,Hufflepuff,Jessie,Chung,1997-03-03,Left,52268.0,633.1277156839607,3.128570833602728,-6.331277156839608,6.509,-734.9392540929215,430.7268642031872,1.6422657355804695,1071.0038000661957,5.858556345754444,0.0080270699614756,-246.4891,22.69
289,289,Gryffindor,Calvin,Stauffer,1999-03-23,Right,36467.0,630.1191712878914,-6.005137508490438,-6.3011917128789126,4.474,-439.672360059722,558.9078755221758,-3.754066172102528,947.1983325098108,3.532585304463953,-0.0889275928926895,-254.29191,177.01
290,290,Gryffindor,Carmen,Fulcher,1997-01-12,Left,49688.0,692.7692364428074,-4.038016149079205,-6.927692364428077,5.593999999999999,-426.2108713607631,595.983416842946,-6.349633410923094,923.0555131338876,-0.0354743752062738,-0.2673291860957605,-254.25575,228.79
292,292,Hufflepuff,Neil,Briseno,1998-03-18,Right,49093.0,511.9677066785554,4.360554738248516,-5.1196770667855525,5.875,-378.8986767259272,417.06510685492265,8.090267403949113,1038.628670675449,6.635063323294299,0.182990427641638,-242.67815,-33.59
293,293,Hufflepuff,Anibal,Abraham,1997-01-20,Left,66692.0,248.21131415207023,5.037105157544496,-2.4821131415207023,5.634,-661.831672052835,460.8610633500604,5.9928058451293005,1055.2656920444492,6.743775739963195,-1.04300282168983,-241.77286,-19.04
294,294,Gryffindor,Wilburn,Okeefe,2001-05-26,Right,30788.0,742.2772325417573,-5.877094945620217,-7.422772325417572,4.495,-618.5908116446836,560.1524240856609,-2.227251867957805,960.8971875523732,6.762301327841233,,-254.44193,175.93
297,297,Gryffindor,Lilly,Jackman,1997-02-21,Left,37702.0,447.4098508648656,-5.5867512268673085,-4.474098508648656,4.649,-596.4270446987322,560.8055867665008,-5.753091276620897,939.7940310976476,1.309745063365357,-0.302280349057091,-253.6374,202.4
299,299,Hufflepuff,Randal,Bays,1997-06-29,Left,58658.0,393.8507532762327,5.292818552382909,-3.938507532762327,4.802,-663.1607172620577,461.4497571737206,3.3869762788195765,1055.7611320841202,6.3408153570386085,2.3338447372663635,-243.91673,30.0
300,300,Gryffindor,Glenda,Madigan,1997-08-02,Right,52510.0,347.75631645228475,-6.337557205127222,-3.477563164522848,4.885,-351.8122573439852,576.4127727578856,-4.066826991730523,951.3182118021408,1.8815763618634969,,-252.32769,142.41
301,301,Hufflepuff,Luann,Lemke,1999-10-05,Right,34066.0,569.6190988885262,3.441773503331206,-5.696190988885263,6.376,-298.70618505327894,420.1859571607668,7.518985126709123,1031.4821743329117,6.854014109502383,-0.0622299656359615,-242.57025,-11.12
302,302,Slytherin,Diego,Yee,1999-06-20,Right,59442.0,-510.2794389777504,-4.890462901042412,5.102794389777504,-3.769,-484.3103940586682,406.1657425369645,6.578085605250831,1026.5321427080194,8.0521460671795,-0.4117531410373986,-249.12983,-86.57
303,303,Hufflepuff,Marlon,Carmack,1997-06-20,Right,41732.0,676.2089424127561,1.1845714682715078,-6.7620894241275575,7.565,-492.03186635116793,408.326957801984,3.927966252745384,1059.74621357296,5.926594084304768,-0.255054569422982,-245.74732000000003,-17.07
304,304,Hufflepuff,Oliver,Sawyer,2001-10-07,Right,29560.0,532.8765968028309,3.2898418192781405,-5.328765968028309,6.0820000000000025,-553.9095056688276,409.749351551069,6.0389533005894185,1052.9472127164022,7.807274858238799,1.9051376146093937,-243.24016,1.62
305,305,Gryffindor,Brain,Kellum,2000-07-30,Right,,640.0067615698988,-7.285866245922962,-6.400067615698987,4.378,-279.30710601680875,518.2174417485733,-2.765431168533657,942.123215589615,2.8103070120335896,-0.5295097078618021,-254.59946,148.85
306,306,Slytherin,Tracie,Sturgeon,2001-03-28,Right,42307.0,-565.3845081585855,-6.315852665332162,5.653845081585858,-6.153,-460.7079700896102,388.2197944504426,5.085800200103637,1063.3738010556376,10.977039739660466,-0.4046384058834692,-250.51835,-83.83
307,307,Ravenclaw,Rene,Upshaw,1997-01-13,Right,23403.0,-708.1871474568138,7.675923051265691,7.081871474568138,2.202,432.141185931913,569.9023852475804,5.4045351129693655,1047.4180412429089,7.846843966250184,1.0366361692197448,-228.65997,38.86
308,308,Hufflepuff,Jovita,Regalado,1999-04-07,Right,13733.0,970.6176787699928,5.783207823822317,-9.706176787699926,6.7360000000000015,-709.6679237827252,394.611044209752,7.307275843837103,1055.0903448510105,10.2058269558088,-0.4174139496909165,-244.03257,43.22
309,309,Slytherin,Stacey,Crouse,1999-10-28,Right,37273.0,-614.0486161818812,-4.904819241191567,6.140486161818813,-4.718,-505.3700103361954,384.3865040093263,6.114746268856534,1048.862295798725,9.843033939339035,1.0696268021734785,-247.90016,-76.72
310,310,Ravenclaw,Jimmie,Brantley,1999-08-15,Right,46336.0,,5.919673220517366,6.823870436164067,4.053999999999999,803.5439896255717,600.2688240067051,5.657007279755273,1065.1842334133182,7.3180044992410735,0.1598828939102538,-228.09194,-30.19
311,311,Hufflepuff,Gene,Castleberry,1999-07-31,Left,27282.0,692.7433222696292,5.020075953037778,-6.927433222696292,4.391,-242.35003504037343,385.5675051703364,8.75006740903067,1025.5198970477368,7.229162275349704,0.3157751169864003,-243.8036,-3.89
312,312,Slytherin,Joesph,Crider,2000-12-26,Right,47623.0,-536.3390923804719,-7.420798918373919,5.36339092380472,-7.47,-399.8240557629676,377.85172106440393,3.4836177026574844,1080.3091206019358,10.971958178524694,-0.3534659362784106,-253.02997,-94.43
313,313,Hufflepuff,Lynn,Tovar,2000-01-15,Right,22301.0,785.2455080088472,6.817740048690455,-7.852455080088474,4.398,-437.5178744239562,446.892123655856,2.8603664363607373,1029.501228680665,6.616014269756677,0.9279034038316564,-244.78662000000003,113.99
315,315,Gryffindor,Jimmie,Mckeown,1998-04-25,Left,44314.0,820.7533901967956,-5.671740156456174,-8.207533901967956,3.785,-643.2946211666823,572.2814761469613,-5.1191657781301645,912.5344285881056,2.037925902923135,-1.7339686684361362,-258.02308,234.22
316,316,Ravenclaw,Darwin,Kyle,1999-09-26,Right,15276.0,-489.4937773271154,6.108327707523338,4.894937773271153,4.01,497.5519982713907,591.5540364843797,3.216093546747093,1051.5853567779584,8.001025739586494,-0.3863088507895212,-229.80198,66.76
317,317,Slytherin,Deon,Wilhelm,2001-01-27,Left,57603.0,-528.1439208845596,-6.995686116235103,5.281439208845597,-6.325,-537.0728046886319,356.7167509002228,5.995915487404416,1062.7644941764431,9.875272597080563,-0.2024764337983815,-252.55606,-126.58
318,318,Slytherin,Pete,Ireland,2000-07-05,Right,55277.0,-443.5863705200736,-1.6535957878496008,4.435863705200736,-3.736,-466.2652387357045,446.1241324503237,2.453738817277208,1030.7123552094083,6.621857850088253,-1.578400940193655,-248.2074,-0.15
319,319,Hufflepuff,Jarod,Wolff,1996-12-08,Left,58813.0,410.3783719215226,4.797199544558962,-4.103783719215227,4.651,-565.707519530707,399.2003420093752,5.532849434803602,1056.768802317707,5.266346838767634,0.875349511698434,-244.35376,-28.92
320,320,Hufflepuff,Marci,Mckinley,1999-09-03,Right,28181.0,558.7472151961902,8.829186189749233,-5.587472151961904,3.0410000000000004,-378.8377900263511,389.2985395157461,3.734386214516268,1028.2598458891612,3.575565658637035,-0.4112434443452184,-243.44863,76.9
321,321,Slytherin,Albert,Hudgins,1999-05-09,Left,78806.0,-324.2467964979578,-7.47633035366372,3.2424679649795785,-5.4270000000000005,-429.61136494882,419.9702129721055,5.124208536260741,1044.4142284577374,9.42308223344857,0.934716469428932,-254.51343,-107.35
325,325,Ravenclaw,Bret,Blanco,2000-09-16,Right,63354.0,-335.2923358174752,7.294941564637599,3.352923358174752,6.096,,605.5543524699799,8.184466799288039,1046.5472884592637,7.631903701265662,-0.7921430439117495,-229.48828,-34.48
328,328,Gryffindor,Dottie,Bui,2000-10-02,Left,57434.0,480.3791190594107,-5.212369478782196,-4.803791190594106,,-245.93824049379955,636.5837145310724,-2.6313970419822605,986.349834708838,7.164328036768563,0.3716150276213169,-250.9352,136.15
330,330,Slytherin,Addie,Almanza,2001-08-14,Left,26460.0,-664.2350679099452,-4.243310594668147,6.6423506790994535,-3.667,-460.9448376392023,391.71578104296464,3.727776491369281,1067.5110189579193,9.266250572087944,0.8930229917012467,-245.95789,-52.72
331,331,Hufflepuff,Ivette,Bueno,1996-11-28,Right,,522.28702549209,7.755895655853102,-5.222870254920903,4.628,-530.3534257404099,378.4733850663932,1.9759685765262809,1047.5457256016757,2.2828147012293245,0.8918360540720053,-243.83142,56.03
332,332,Hufflepuff,Lela,Tuttle,1998-08-11,Left,36507.0,377.3454214922188,7.356246396261048,-3.773454214922188,3.831,-226.5426678267859,299.9832769012167,,1032.330124685435,0.7149437553624511,1.5436862580879402,-242.38598,-42.05
333,333,Hufflepuff,Hal,Sawyers,2001-01-16,Right,59027.0,231.7256198759936,5.331227844614902,-2.317256198759935,5.2360000000000015,-484.6585377079544,452.2738786659336,4.5353251707137625,1042.835447223118,4.631866430302416,-0.3698323831719682,-241.75746,4.19
334,334,Ravenclaw,Caridad,Saldivar,1997-04-25,Left,63662.0,-530.4087000788646,4.326584069346849,5.304087000788647,4.4030000000000005,378.03282503086615,586.6283275784817,5.133722791762216,1045.1007837201844,6.050847523122487,-0.0953812726290053,-232.77505,-25.53
335,335,Ravenclaw,Federico,Mccollum,2000-09-11,Left,60541.0,-585.8884287820075,8.652803988300546,5.858884287820076,5.596,731.2635152229018,615.0185584137016,4.966557842674348,1053.3071586393903,4.795919380976074,-1.4867712487857605,-227.2289,-8.7
336,336,Slytherin,Mohamed,Bechtel,2000-11-22,Left,85107.0,-253.68572231472268,-5.600621507762419,2.536857223147228,-6.564,-101.06778778292636,490.51993745766,2.06396441924192,1013.0002087831052,7.231471450113919,0.0369037575494964,-255.02774,-25.68
337,337,Ravenclaw,Mirna,Hubbard,1998-02-27,Right,75766.0,-561.4264046849012,6.273558082146993,5.614264046849011,5.7120000000000015,802.9135713617355,640.1053702040236,4.4595060271145694,1050.9803502412603,4.778140838847683,-0.9250455121621294,-229.35427,-29.55
338,338,Gryffindor,Cathrine,Robey,1998-07-17,Right,19066.0,638.7985824784482,-4.180734253509606,-6.387985824784483,7.63,-118.66855381990266,636.7778993933222,-2.6035196365876208,972.0783713647196,7.213115811304668,-1.6788870089825072,-247.10985,191.41
339,339,Ravenclaw,Christin,Curran,2000-04-27,Right,40544.0,669.2621350157823,3.892077909130968,-6.692621350157823,5.185,-529.4304883443879,417.33977661893965,5.240489126428881,1050.6306147177222,7.389162455779313,-0.1614869175727828,-245.4716,13.18
340,340,Slytherin,Essie,Rudd,2000-10-31,Left,28071.0,-691.5486866581787,-2.072789844910764,6.915486866581787,-1.614,-744.5924509003801,380.7788132118395,6.690096964797784,1045.2025846826357,8.570107495882924,-1.179742691077833,-243.07235,-56.81
341,341,Slytherin,Garry,Sonnier,1997-08-23,Right,47990.0,-510.18564907649767,-6.913139254495566,5.101856490764977,,-372.3645826919055,420.1663596203183,5.867127956509807,1045.4568702981132,11.023965853095191,-0.067031859003652,-250.34131,-81.89
342,342,Ravenclaw,Alisha,Paterson,1998-10-27,Left,55969.0,-534.0685617345163,3.600027956810992,5.3406856173451605,5.414,477.9715095211028,631.6778901838902,2.6753030284135098,1046.6017670343338,6.144587328556758,0.8257118254873033,-231.93536,15.06
344,344,Slytherin,Lynwood,Maple,2000-05-23,Left,82130.0,-402.10608553199575,-6.614747374329476,4.021060855319957,-3.486,-613.5016308636312,393.6624107882125,7.711014936732589,1030.122492665803,8.115482791762231,-0.948363856823849,-252.16677,-138.43
345,345,Ravenclaw,Constance,Romeo,2000-03-28,Right,48621.0,-524.7357552103311,3.8319483919839104,5.247357552103312,4.732,,590.8759519797785,3.61577060838196,1044.8255563362309,5.661948032575975,,-232.15,0.16
347,347,Ravenclaw,Bob,Christmas,1998-01-12,Right,84986.0,-529.9789298810733,3.3383313827416887,5.299789298810733,5.814,615.2763060278984,674.5847422598769,6.437551882851483,1049.2888519662838,8.332726767649008,-0.6315134268950945,-231.15546,-52.89
349,349,Hufflepuff,Merlin,Travers,1997-06-04,Right,36793.0,413.0167516417238,3.052991454734104,-4.130167516417238,6.197,-480.56541206019233,451.9062485333192,6.494351040443215,1043.8999370830345,8.25431093996793,0.0032327707187294,-241.94141,2.5
352,352,Gryffindor,Ines,Bess,1999-05-23,Left,39603.0,507.64321323507073,-4.284523849094794,-5.076432132350707,5.254,-562.5140156977353,610.9198813895089,-5.025782253755974,965.4106914718976,4.809941653792787,-0.2650824694340689,-251.48853,206.45
353,353,Gryffindor,Keven,Gore,1998-10-11,Right,49462.0,389.7293771438892,-4.1147017613078365,-3.897293771438892,4.746,-751.1361604475928,621.2612330860243,-6.34973300994116,964.0600757542616,3.962343724096239,0.5328063972806351,-252.15568,219.68
354,354,Hufflepuff,Gina,Dooley,2001-08-07,Right,63699.0,369.8154407399825,5.736038751572963,-3.6981544073998247,4.029,-599.5757650831501,387.35136663385794,1.727201669666833,1062.3882450311337,2.1131766068350992,0.0512882143447996,-245.68924,1.54
355,355,Gryffindor,Jefferson,Ham,2000-04-07,Right,29622.0,457.055910172768,-4.323345230473416,-4.57055910172768,6.563,-689.596105655867,596.1575494575895,-5.613959843687323,945.529967217945,2.759325820362084,-0.6709955346526018,-250.57557000000003,229.57
356,356,Slytherin,Zenaida,Schramm,2001-07-14,Left,77425.0,-381.8708983922251,-9.563072321784126,3.818708983922252,-6.629,-300.2948486872032,416.8934281736852,5.2697460267505845,1051.3372834349227,10.506074648954272,0.3157484080923054,-255.73682,-130.32
357,357,Hufflepuff,Colby,Loper,2001-05-08,Left,36880.0,481.7930618673,4.834819697872264,-4.817930618673,5.159,-333.104819961426,418.4577529258741,9.997830216832462,1029.712341730321,8.330518928763519,0.2810388986846031,-241.36018,-26.2
358,358,Ravenclaw,Freddie,Gabbard,1998-07-31,Right,39665.0,-636.0225258578413,2.99395064352958,6.360225258578413,3.611,442.6418888451457,599.2351853689779,4.395795497391442,1049.5144910899803,8.130411826971022,-1.2209390454908804,-231.83223,4.33
359,359,Gryffindor,Newton,Bush,2001-06-03,Right,28504.0,704.2010832469438,-5.956751404975267,,4.634,-499.8189438409024,552.6515187224387,-4.785772194121387,924.9694562297392,2.048558857179051,1.1951443623939322,-255.28156,215.95
360,360,Hufflepuff,Fran,Mcfall,2000-06-15,Left,43236.0,662.8470690402407,5.6627926656060925,-6.628470690402407,6.229,-448.6625139895896,373.6693171012751,,1043.938329777161,5.16181600721443,-1.1692896158600536,-243.47608,-25.27
361,361,Hufflepuff,Connie,Altman,1997-01-15,Left,54483.0,630.4975109781776,4.805572680387328,-6.304975109781776,7.501,-433.7154556740855,389.2053009082005,4.526551209902573,1047.366542861895,2.6885702391181603,0.5301255630235352,-244.04898,-21.83
362,362,Ravenclaw,Shannon,Penny,1997-01-07,Right,51140.0,-494.8982928881176,8.242431612780566,4.948982928881176,5.254,246.71684696703807,614.7843695441667,3.700322506092745,1033.6911609720237,5.386758233459622,0.5959131365739575,-229.91814,57.16
363,363,Ravenclaw,Everett,Ezell,2000-03-24,Left,70213.0,-524.1473542214807,5.470065876219051,5.241473542214806,5.239,508.8091442004764,623.5680477099055,5.6166717761759655,1049.0458794630115,6.63942470116323,0.2047281999664193,-230.77422,-26.68
365,365,Ravenclaw,Edgar,Lemus,2001-03-14,Right,12935.0,-254.15562150222004,8.135189390635427,2.5415562150222004,6.5710000000000015,554.1721713157165,565.8837789245204,4.160302101642732,1075.4402256794815,7.938022239024472,-0.0743307113093751,-227.86156,41.2
366,366,Slytherin,Cornell,Anthony,1998-10-26,Right,40097.0,-554.0335576517107,,5.540335576517107,-6.254,-356.24232082562514,408.25224069222776,2.009160776341677,1067.306228429033,9.376646780143844,-0.6540492575299354,-250.09809,-37.38
367,367,Hufflepuff,Latrice,Camacho,1999-10-17,Right,,556.7097833110748,7.17032078711684,-5.567097833110749,1.925,-407.27334848877314,449.1092096094355,5.798675396026454,1026.324832138678,8.267439680986891,-1.5257382839656173,-244.10253,76.5
368,368,Slytherin,Adele,Lapointe,2000-08-17,Right,44400.0,-567.2332904667709,-3.062837499092676,5.672332904667709,,-681.5301087574804,407.44679214456255,6.160693342943505,1039.8841528095195,8.767638278384316,0.7896280684643637,-245.9183,-58.0
369,369,Hufflepuff,Alpha,Gipson,2000-04-12,Right,42562.0,746.0655561705106,4.754538763199951,-7.460655561705106,6.041,-727.6095568242772,382.600311868506,2.639862003799609,1070.365622572089,5.319072895719038,0.4801130461302026,-246.56118,21.06
370,370,Ravenclaw,Marquita,Bowling,1997-08-30,Right,52865.0,-489.4875499344749,3.0042298459448067,4.8948754993447485,5.16,446.6946029739634,625.5843833732472,4.7033299910138044,1054.899831108298,8.581514917533463,-0.1093827796078143,-231.99638,-8.39
371,371,Hufflepuff,Alfonzo,Lacey,2000-02-07,Right,67963.0,309.0370036338124,6.381638009666908,-3.090370036338124,5.619,-574.1199946314033,430.0873281585602,2.461924846988948,1053.812376888593,2.346002939890657,1.363692950005983,-243.02315,7.54
372,372,Hufflepuff,Ernesto,Pitcher,2000-08-03,Left,49018.0,712.9504539235962,5.9495514512439325,-7.1295045392359615,7.026,-723.3451644138519,400.6480777629913,2.8681142799928434,1063.9989414285933,4.46816911518334,-0.6294251402812115,-244.91812,24.54
374,374,Hufflepuff,Francisca,Chester,1999-11-14,Right,46440.0,432.2499061756282,3.17321492253707,-4.3224990617562815,6.1770000000000005,-485.57315769819024,391.51052384298765,5.950994015594658,1054.707138919307,5.394657352540685,0.0544518817822843,-243.45066,-39.76
375,375,Ravenclaw,Corrie,Mcdermott,1999-04-14,Right,57088.0,-367.9488316028729,6.375130867740254,,,352.0244918548205,583.0847686653842,5.289540680564,1045.9033404584986,5.635629426629808,-0.4009864233693568,-231.13162000000003,-6.68
382,382,Slytherin,Cesar,Hogg,2000-05-16,Left,31818.0,-693.2228212275436,-4.304245472726978,6.9322282122754375,-2.9,-492.22639438793226,401.2535323514392,6.257238127570568,1041.013677616133,9.117922569396685,,-244.9726,-66.31
383,383,Hufflepuff,Nelda,Day,1999-09-02,Left,44387.0,681.1822459682172,2.3041025245565963,-6.811822459682173,6.665,-331.6653566733807,395.01514000869753,7.640106522211242,1043.3629971726486,6.544869462218517,0.6801837663494985,-244.73266,-48.73
384,384,Gryffindor,Rachael,Coyle,2000-10-14,Right,56746.0,842.5382284675729,-4.049053712215319,-8.425382284675731,3.92,-772.0903291350884,626.9812130921575,-4.954942647289737,940.6669430782008,5.3114637966794245,-1.2439918999311594,-256.79912,240.85
385,385,Hufflepuff,Jay,Bacon,1997-11-08,Left,64893.0,392.41615224906167,3.186441827865093,-3.9241615224906177,3.467,-606.4829845588422,461.2626553856917,4.232999284595883,1058.445387777596,7.769440531335538,-0.1395585404042009,-246.11037,0.78
386,386,Ravenclaw,Rochelle,Hefner,2000-04-13,Left,96741.0,-363.2284048656066,5.648346269985304,3.6322840486560666,7.316,426.4938759772247,623.5225638723582,5.774247422850492,1026.488210802966,3.278739755752752,-0.2138519023407737,-232.4097,-46.38
388,388,Ravenclaw,Kelli,Corbitt,1997-10-02,Left,37743.0,-611.0730699214979,4.029534769133527,6.11073069921498,3.986,639.2067382480717,,6.680586083339838,1065.447140082758,11.001377239952063,1.2809553138183225,-229.07568,-17.0
389,389,Hufflepuff,Karyn,Taft,1997-11-18,Left,55431.0,542.5036971732012,2.664776100715195,-5.425036971732012,7.103,-482.2066286068232,418.7204308752469,5.232296165824901,1053.5406788076957,5.375729723323302,0.8829501433598109,-244.34413,-33.88
391,391,Slytherin,Scotty,Francis,1999-10-19,Right,73346.0,-439.9593128776637,-3.970991204053661,4.399593128776637,-4.065,-573.7053625725603,398.5531849342448,5.051157015530851,1033.0084881149298,6.535668470483524,0.009789912356452,-250.90718,-83.18
394,394,Ravenclaw,Nicki,Jeter,1997-09-06,Left,58598.0,-351.3199643323684,7.528875287922487,3.5131996433236834,6.174,244.03262007130783,640.6980782758437,6.8321877522418815,1038.756369043973,8.727507483125986,0.1881421839375918,-229.70223,22.81
395,395,Ravenclaw,Daryl,Matheson,1999-03-07,Left,34968.0,-219.79785200060184,7.173929700176274,2.1979785200060182,6.649,391.7650263596914,602.4187066559796,4.768165764364333,1066.6394095267624,8.74279011740227,-0.8779945557313811,-229.73251,31.88
396,396,Gryffindor,Vickie,Goldstein,2000-10-21,Left,50332.0,738.6147903861419,-5.8126342008269845,-7.386147903861419,2.949,-761.9776127657018,601.028420609672,-5.204115373285797,916.7977635889624,3.609409658842453,0.6489782092768511,-258.2564,243.22
398,398,Ravenclaw,Titus,Griffis,2000-10-13,Right,57156.0,-484.4015383871763,6.705871538358892,4.8440153838717634,6.37,606.3444925930719,623.8385689820017,4.3883342608190175,1054.1869668899208,5.868536960744133,-1.1314562787182485,-228.83366,-0.47
400,400,Ravenclaw,Clementine,Mcmillan,2000-12-18,Left,33608.0,-558.7520098504981,1.0000858031324849,5.5875200985049815,4.013,,582.9443486922013,,1065.3240611595002,10.281758123335258,0.6569863821833972,-232.46742000000003,-32.1
402,402,Slytherin,Lincoln,Crowder,2001-09-06,Left,48793.0,-597.0759695877956,-4.779485887847998,5.970759695877956,-4.624,-429.00569574917824,396.237252407457,4.899247190410292,1043.5331797086824,8.131861897063853,0.1619673032224458,-248.71076,-73.72
403,403,Hufflepuff,Carla,Tafoya,1999-12-27,Right,33198.0,587.1102682110577,5.574775411439235,-5.8711026821105765,5.614,-794.576117846254,441.5592176143104,7.786242110704107,1058.6547429467978,11.055915327327554,0.5482032833781091,-242.27244,23.07
404,404,Ravenclaw,Nicholas,Macpherson,1999-11-16,Right,74119.0,-518.4843319735563,4.237448021857946,5.184843319735563,6.135,804.3354923566015,658.3120331638389,7.0418001420114695,1074.0953490047505,9.360647113263225,-0.2708252610310362,-228.97002,-73.25
406,406,Slytherin,Minh,Fisher,1997-06-11,Right,36194.0,-468.5463139213172,-5.700883026969018,4.685463139213171,,-524.1762463841733,426.9647244818817,5.930672073316178,1055.6481642784602,11.770985662687066,-0.0802696488549173,-247.46986,-64.09
407,407,Ravenclaw,Sun,Fiore,1999-07-10,Left,22683.0,-452.73045841379496,5.287446756952092,4.52730458413795,4.303,269.48298415690493,546.0176495891253,4.85266640704412,1044.2530093509235,7.193326472480532,-0.2009187016657079,-231.53812,29.73
408,408,Slytherin,Theron,Donley,1999-07-17,Left,24323.0,-646.1293234850025,-3.7173262839230734,6.461293234850025,-2.9560000000000004,-579.4863393990122,397.5110469338152,9.028882200367969,1024.0817809710102,10.703095304974882,0.6965171367032202,-244.20296,-63.12
410,410,Slytherin,Angelique,Lim,1997-09-22,Left,30061.0,-697.2182100649942,-3.8479971524283823,6.972182100649942,-3.064,-640.5626640943366,378.0686321452762,6.334332797069872,1054.1887901778632,9.514123210982662,-0.7409402923347052,-245.11374,-73.69
411,411,Gryffindor,Tessie,Talbot,2000-06-20,Right,64844.0,239.5845457683503,-4.188551242485802,-2.3958454576835027,,-653.0720304670358,618.7440461453785,-6.161052791802242,969.9783752830868,2.22583587015368,-0.5055707342029225,-250.99011,176.49
412,412,Gryffindor,Jeremy,Littlefield,1998-03-08,Left,48330.0,509.98015801708885,-7.440085182148013,-5.0998015801708885,3.52,-546.6848427925959,567.1092438808364,-3.0905618131566888,935.3347223059344,3.644899504448004,-0.2434252971477611,-255.70319,161.23
413,413,Ravenclaw,Debbie,Ellison,2001-10-18,Right,31090.0,-561.7576774602652,5.629017184062039,5.617576774602653,4.918,430.2748297032717,587.8061616790995,5.6209592686298935,1058.2848408410523,8.526124174835445,-0.600489546851759,-228.93732000000003,7.72
414,414,Hufflepuff,Rene,Cushing,1999-06-12,Right,34156.0,603.9817376579277,6.0253719748078085,-6.039817376579277,3.623,-170.3276122913499,351.05527687569503,7.194717780296362,1023.3644359393028,3.694170629937207,-0.1522920233973722,-244.3345,-10.45
416,416,Slytherin,Cortez,Crider,1997-07-21,Left,56810.0,-378.210633689953,-5.145374066186927,3.78210633689953,-7.308,-400.8647165059008,423.792627556952,1.9670423966550483,1062.431687975669,9.984563818884844,-0.3718013547832063,-253.53384,-35.96
417,417,Hufflepuff,Suzanne,Wood,1999-04-27,Right,66820.0,368.65910441136566,7.499252621100725,-3.6865910441136585,4.5280000000000005,-748.7728134234062,377.80979775736336,2.435964798700377,1069.5917241921902,2.1661376380959965,0.9290558192718282,-244.50326,-2.39
418,418,Slytherin,Della,Baer,1999-04-24,Left,32280.0,-667.5441353029386,-1.1837491527493371,6.6754413530293855,-3.147,-553.8140153531541,385.4361324862615,3.3663798564614016,1048.8300307573634,6.408761142517685,0.9315323825321844,-244.73841,-25.12
419,419,Hufflepuff,Jodi,Collett,2001-10-20,Left,17333.0,673.4624270627107,5.926021223903318,-6.7346242706271084,2.925,-298.5121987308118,385.2992867359632,5.957954966954419,1028.713658515917,6.715939284802044,0.2721050571632995,-244.73169,49.93
420,420,Hufflepuff,Stephenie,Lawler,1998-11-30,Left,45201.0,,4.7643013450375165,-5.782619144690282,3.564,-403.12972571041206,424.6305696259776,3.1666560176993435,1040.9172866274332,5.246785778104637,0.2671471810564115,-246.19964,40.48
421,421,Slytherin,Meagan,Benavides,2001-03-03,Left,64406.0,-492.3514477569863,-4.707537224497007,4.923514477569864,-5.5070000000000014,-687.9573971725308,,4.385760568159895,1065.2377565929696,8.34497522347933,0.5295007574169628,-251.95496,-96.78
422,422,Hufflepuff,Wallace,Mccune,2000-06-26,Right,36712.0,539.565661806701,5.246918827031601,-5.39565661806701,4.55,-520.5894983985091,439.8788953579015,3.7386209514920026,1044.8076899719506,6.6764793264601705,0.0746853346285099,-244.13598,53.73
423,423,Hufflepuff,Morton,Driscoll,2001-10-30,Left,60468.0,339.37722657064626,6.451870362018839,-3.393772265706463,3.06,-633.52699920187,400.45995330802185,5.925805664204661,1056.174373592766,5.8156944756192015,-0.1905369758376172,-244.09869,-15.19
424,424,Slytherin,Lou,Schulze,1999-12-11,Right,51161.0,-538.1378775672947,-7.876451977425008,5.381378775672947,-5.316,-554.7836000027626,360.4265736215538,7.336104015348574,,11.235215267741056,0.454140605144281,-251.35739,-140.63
425,425,Gryffindor,Delilah,Cade,2001-03-18,Left,21274.0,786.9513828347423,-4.93204934030035,-7.869513828347423,6.533,-226.24299918946252,564.6225020399143,-3.3963162589976466,941.5808131771378,3.2111026319264666,-0.07707338039319,-251.85291,194.36
426,426,Hufflepuff,Daisy,Swenson,1998-06-15,Right,84689.0,365.5798127316365,4.5911144534302295,-3.655798127316365,3.84,-761.2798260710967,387.6582358218795,,1080.7444011326563,3.230488577394381,-0.743656355630929,-247.5064,-44.9
427,427,Hufflepuff,Sandy,Calloway,1998-12-01,Left,49412.0,553.423992465536,8.927738749697923,-5.53423992465536,3.175,-469.6187994214027,382.3908315167381,2.6526061682192426,1040.2709936278468,,-0.3552216983042149,-244.92423,51.61
428,428,Hufflepuff,Cecil,Mattos,1997-09-13,Left,44926.0,641.7789060982134,6.005068684102984,-6.417789060982134,5.567,-803.555855890684,382.6814264919278,4.704956039586188,1071.5381862760162,6.503348248481489,0.0183456860042215,-244.86751,6.37
429,429,Ravenclaw,Fawn,Mcneill,1997-06-12,Right,77550.0,-539.1979880438513,4.565073051968788,5.391979880438512,5.045,597.1994093956079,612.6266586543983,6.530961403141784,1043.2467711268405,6.013301788405324,0.2755943927718561,-231.49068,-57.28
430,430,Gryffindor,Fran,Low,2001-07-19,Right,39620.0,91.14672493805624,-7.320354733922531,-0.9114672493805624,5.565,45.6434928294545,592.5766320388549,-3.1474488903863813,966.2681350316732,2.805419918712916,0.2531232824681196,-247.79105,107.0
431,431,Ravenclaw,Elvis,Reis,1999-08-10,Right,63563.0,-599.0982941500016,6.772669880459838,5.990982941500016,4.628,690.2287357532523,593.9421501102267,3.5611036798952327,1050.0706496479618,3.595847010517621,-0.3068853517685309,-230.14143,-13.36
433,433,Gryffindor,Otis,Billingsley,1998-05-10,Left,54014.0,514.4699305941638,-4.914986828305056,-5.1446993059416375,4.479,,628.2401323869243,-6.059571517599079,932.3930323233948,2.462837455600332,0.9047969054452076,-254.05671,227.95
436,436,Ravenclaw,Desmond,Keister,1997-10-07,Left,41132.0,-721.6453906095378,6.443582073001375,7.216453906095376,2.466,609.7015757672214,565.4197633193137,6.220250620657557,1051.1038326498565,6.890720056322732,-0.8783780714884379,-229.38696,-16.96
438,438,Slytherin,Will,Chau,1998-10-25,Left,37007.0,-419.87890478384736,-4.672220154574621,4.198789047838474,-6.051,-258.955543575826,444.9568746558168,3.1336000274658966,1046.3159124366416,10.684186361838382,-0.370927652218433,-250.03644,-11.4
439,439,Ravenclaw,Prince,Cardoza,1999-04-23,Left,69794.0,-452.3093951688417,5.7182566670612776,4.523093951688416,5.599,370.39486010318143,600.8918322946573,4.253847390192174,1019.2671378414058,3.3399848443935007,2.7238577550101395,-232.55749,6.62
440,440,Hufflepuff,Merry,Martinson,2001-09-04,Left,29261.0,632.6985773843139,8.361642264560599,-6.3269857738431385,2.651,-288.0294399025967,358.42320819029334,3.6724907310802646,1027.2653457734214,2.4006246999676053,1.7942872420811151,-244.96681,59.36
443,443,Gryffindor,Aldo,Strain,2000-09-03,Left,45150.0,490.2230027688162,,,4.812,-722.078242249265,552.9393513851658,-4.1950895511404624,958.0280008357516,3.1662600952964026,-0.3683166347331874,-253.88363,167.75
445,445,Ravenclaw,Evangelina,Steadman,1998-01-04,Right,69411.0,510.44895722371314,2.639221837586736,-5.104489572237131,5.882999999999999,-684.7986603788735,348.1352064320032,4.2184260121384165,1082.7465536756988,3.677454267334314,-1.7228379220545795,-247.15992000000003,-82.34
446,446,Hufflepuff,Reinaldo,Cabrera,2000-12-02,Right,58564.0,579.5921746875814,1.4988008145152083,-5.7959217468758135,6.091,-677.532328483213,407.6347584815886,6.0522698595045865,1071.9203614750406,7.9627071445638675,1.059869957201503,-246.34716,-55.35
447,447,Gryffindor,Isabel,Day,1999-02-11,Left,54654.0,621.8990839137042,-3.4730187614651484,-6.218990839137041,5.407,-509.8138976383409,637.6826449881041,-5.047480549902853,963.767015525071,4.757360053916623,-1.1317687492740904,-252.19928,207.54
448,448,Ravenclaw,Marianna,Marcus,1999-11-09,Right,53782.0,-524.5204760103659,2.0667174104706376,5.245204760103659,4.926,584.6989776361372,639.4244919829389,3.829748222689335,1037.7038562064683,7.27087147648885,1.5384865379920358,-232.59589,3.62
449,449,Gryffindor,Tad,Book,1999-01-23,Left,64291.0,417.78774404433074,-5.610499111281979,-4.177877440443306,4.042,-529.2622209714003,594.3636927397704,-5.396257969664687,942.5914048609724,1.4078445433917608,-0.634336892730045,-254.57294,175.15
450,450,Hufflepuff,Max,Ashford,2000-06-30,Right,57712.0,569.9456905469365,6.006892991609679,-5.699456905469365,5.824,-419.66254227427146,383.7704562323709,,1043.2020984131966,3.539600951342048,0.3741922555811082,-243.80428,-30.5
451,451,Hufflepuff,Shawn,Roe,1997-05-28,Right,13760.0,680.3474656514527,4.071564892419808,-6.8034746565145285,2.8480000000000003,-166.61989547545988,403.0186607094552,11.889712754042709,1015.7477689068824,11.296822857503884,1.0075144672467278,-243.35915,-4.69
452,452,Slytherin,Jesse,Delgado,2001-03-10,Left,33334.0,-561.4634459942157,-3.173106852211011,5.614634459942157,-4.658,-561.7759880138938,397.5429087749106,4.038236979991956,1058.52316927447,9.623905392056772,0.1319442607446724,-247.51612000000003,-34.54
454,454,Slytherin,Henry,Wheaton,2000-09-28,Right,54603.0,-460.3411442290457,-2.796739824191873,4.603411442290458,-5.377999999999999,-492.0870775713778,409.8330039291363,,1035.7031474855837,7.737862470125205,0.960408771330238,-249.94693,-34.71
455,455,Slytherin,Wendy,Norris,2001-02-14,Left,14156.0,-654.220529113255,-5.305059563490682,6.54220529113255,-5.438,-781.4921068864714,326.63658884603484,7.259016111299865,1089.567003501738,13.415253746947446,-1.0920337100962412,-247.43459,-99.17
456,456,Slytherin,Valeria,Goode,2000-06-25,Left,43320.0,,5.10497431585283,7.135817918235342,3.809,455.50178304034034,602.5491393909707,6.489467654942421,1046.3270900426212,,,-229.18962,-8.64
457,457,Ravenclaw,Sallie,Leon,1997-08-30,Right,35723.0,-613.2179596193963,2.4527548503171777,6.132179596193963,3.879,451.8394551620792,544.0375486694694,5.162976745509097,1056.9428511759834,7.113383907532038,0.0308807840496537,-232.27721,-33.94
458,458,Hufflepuff,Jodi,Blanchette,2000-08-16,Left,30886.0,714.2218743819984,,-7.142218743819988,4.158,-294.6546295595972,358.6528504598957,4.253626528904881,1028.1843024920206,2.4271812716394883,-1.6228172372537646,-244.69824,43.98
459,459,Gryffindor,Kyle,Page,1998-03-06,Right,40074.0,600.4732942864539,-5.869778897635538,-6.00473294286454,4.132,-658.6911150662166,572.7279176483212,-5.203977462263577,929.558008547847,2.4807558424003866,-2.3604195403774924,-255.57869,217.21
460,460,Hufflepuff,Brooks,Fishman,1998-12-06,Right,59516.0,731.5703685555444,3.613320996235217,-7.315703685555444,7.437,-507.5842926008039,458.53898590096526,2.778834081793614,1050.0124295391245,5.112698579216135,,-245.72159,21.1
461,461,Gryffindor,Benjamin,Mcfarlane,2000-10-02,Left,53021.0,640.2052369010089,-5.677365110736727,-6.402052369010089,3.688,-484.8564202753364,601.0621258458191,-5.4250395378381535,922.0285469562244,1.9914290776244803,-0.5004472106286684,-256.25905,217.11
462,462,Ravenclaw,Krystle,Monahan,1998-09-13,Left,52309.0,-528.2208301540893,,5.282208301540893,5.579,682.5091212073503,675.6636352584683,4.469171957483014,1060.3573242937855,9.735157526033497,0.7425762824296804,-229.82644,1.88
463,463,Ravenclaw,Donovan,Peterman,1999-03-16,Left,40228.0,-462.90809402329313,1.4451019404136582,4.629080940232932,4.702,359.58661393535124,597.7732188357452,4.830526119355904,1056.4463899823156,9.440495863343813,0.0733023765609542,-233.34423,-9.55
464,464,Hufflepuff,Sammie,Tyner,2001-05-08,Left,46522.0,462.7314628432994,1.3289928929088228,-4.627314628432994,6.461,-562.7855291545286,444.6604652050081,4.322091661440819,1059.0399370120754,7.412219133399504,-1.7779230862778796,-244.55377,-9.35
465,465,Gryffindor,Kisha,Cagle,1999-04-05,Left,67745.0,494.8341411728032,-4.991925108704158,-4.948341411728032,2.565,-848.9967296016632,611.0161622649158,-8.431116672589212,910.7900881234528,-0.3680215448133168,0.3112918587154987,-258.32359,260.78
467,467,Hufflepuff,Vera,Goodwin,1997-08-18,Left,40847.0,435.5695809472692,3.335736204247824,-4.355695809472692,6.651,-476.4923167484759,417.6517443932835,7.400263501950008,1049.2384638071926,7.260950565575171,-0.6693829374586465,-241.89069,-31.61
468,468,Slytherin,Erin,Fenton,1997-09-28,Left,77951.0,-394.65757250422286,,3.9465757250422286,-4.641,-420.8565340032776,418.6780776995717,4.309579944972662,1034.3325362219716,7.034674875369286,-0.4217767104469491,-252.53072000000003,-86.44
470,470,Ravenclaw,Earle,Voigt,1997-07-02,Right,26818.0,-732.604264035451,3.032453200987587,7.326042640354513,2.787,706.9094088328372,608.7013851651373,4.295821493566374,1062.7909134261006,9.407522694268604,-0.216905492956424,-229.9649,4.9
472,472,Hufflepuff,Gary,Adam,2000-03-20,Left,38905.0,604.667512797366,8.464088897532653,-6.0466751279736615,4.436,-210.64861734684445,350.3018425725158,7.355801682031196,1020.3500392458787,2.329075877047015,0.7224864448872115,-242.5815,-2.45
473,473,Hufflepuff,Whitney,Jeter,1997-09-19,Right,55488.0,536.0545433303648,,-5.360545433303648,3.124,-405.1078460921711,302.56240901356443,5.907414766262535,1055.6328612799514,2.1724855032868327,1.6645872395369026,-246.84899,-64.68
474,474,Hufflepuff,Leroy,Armijo,1997-01-01,Left,27637.0,724.2101816550114,7.475348695553915,-7.242101816550115,3.797,-334.00472305169563,315.70420686755614,3.7908390171028414,1037.9727782560392,1.5245855907549326,-0.2225006050654608,-245.76833,27.57
475,475,Ravenclaw,Earle,Branson,1997-12-29,Left,56599.0,-459.1565598742569,5.465607951061237,4.5915655987425685,4.68,540.2510638994075,584.5562213501001,6.9528548961130525,1048.303402347963,7.223151999619187,-0.5290940221642091,-230.99691,-35.69
476,476,Hufflepuff,Luanne,Crisp,1998-12-23,Right,66513.0,272.6607044111328,3.5264274777773053,-2.7266070441113275,5.086,-381.4765683369492,397.9619765623471,5.755301033884662,1048.025473659856,3.412109944056399,2.2227143199458723,-243.73945,-62.43
477,477,Hufflepuff,Brady,Hopkins,1999-12-07,Right,47974.0,574.6334856750011,4.645922653342024,-5.7463348567500105,5.362,-480.6941997739891,395.0876144687507,4.324788107550718,1050.8919225738928,4.558548069566472,0.8473708370722435,-245.02155,-1.47
478,478,Gryffindor,Sabina,Hare,1999-08-30,Right,54085.0,278.4625454456463,-6.279349907173388,-2.784625454456463,5.109,-296.83400728651964,563.656878963847,-5.136535223203857,945.2472353798128,-0.4275821868637179,-0.2938234470217553,-252.16262000000003,142.1
480,480,Hufflepuff,Elissa,Breeden,2001-03-03,Left,40911.0,562.2372452094488,6.372209361914518,-5.622372452094488,4.235,-208.6014754919954,396.49687630181,5.72079959242632,1023.4361194875412,3.6779910687594617,-0.5611337507459249,-243.6513,16.24
482,482,Gryffindor,Bradly,Mcmillen,2001-03-25,Left,74248.0,376.6224271990092,-5.724800386172682,-3.766224271990093,3.746,-599.1357198007572,594.4549300475793,-5.317366426966962,947.998128828341,1.3950288430953932,0.570668639788672,-255.1393,159.53
485,485,Hufflepuff,Cyril,Tanaka,1998-11-19,Left,63400.0,717.2686503460463,5.185773167194882,-7.172686503460463,4.747,-364.0208199087946,336.03108524921794,2.9153237529678435,1051.7110855616213,0.3979195002644049,-1.1268861431388777,-248.25002,-30.45
486,486,Ravenclaw,Sammy,Brooks,1998-01-03,Left,50473.0,-758.7060371186778,7.648049451873495,7.5870603711867775,3.089,610.2208255824843,616.8807893747163,5.8406279350065216,1048.8131039139637,7.258141352424754,-0.0598674942704423,-227.83236,3.85
488,488,Hufflepuff,Chantel,Alexander,1999-06-17,Left,57616.0,709.8759496902429,5.610285477484294,-7.09875949690243,4.634,-555.0682595268299,328.7159240775466,8.088629687910359,1060.0969190693131,5.173498443262727,-1.9109964677426656,-246.28707000000003,-70.17
489,489,Hufflepuff,Antwan,Swanson,1997-05-18,Right,60935.0,600.6232282303622,1.7106921953113616,-6.006232282303622,8.048,-760.7673327500871,,6.3179158074043045,1079.7451018169058,7.058323073732593,-1.407672255592496,-245.19035,-76.83
490,490,Gryffindor,Winfred,Love,1997-03-15,Left,48179.0,417.7583135303708,-5.598796325331231,-4.177583135303708,4.132,-586.5082277606158,599.2148614291089,-4.863483993753416,956.9504710464732,4.055751835560193,2.378512002574188,-253.21898,186.97
492,492,Slytherin,Tiffany,Kirby,1996-12-31,Left,28677.0,-625.3762995891627,-7.675415468311247,6.253762995891628,-5.081,-589.2688499170058,357.86332492572166,8.701888389341157,1066.4575679567508,13.350553944808032,,-248.66349,-128.26
493,493,Slytherin,Gregorio,Rouse,1998-03-01,Right,61754.0,-623.0867664098329,-1.8909176047754888,6.230867664098329,-5.428,-730.9090622296925,,4.2553015532395335,1048.7071420978862,5.306514820739412,-1.759483168553742,-249.70725,-77.86
494,494,Hufflepuff,Reuben,Battle,1997-08-07,Left,59701.0,706.2276506980212,3.221112205512709,-7.062276506980213,6.502000000000002,-396.80312595716833,434.221693838584,1.9945434539935505,1047.625183948392,3.5431852164331423,-0.0062857295652514,-246.88416,13.58
495,495,Hufflepuff,Delma,Rosas,1999-07-11,Left,57109.0,452.5452548628389,5.640621561077754,-4.5254525486283885,2.696,-456.0282098692953,396.2920871338079,4.157131122702299,1048.543716101082,4.388971182876953,-0.4469510842861165,-246.01378,2.57
496,496,Slytherin,Robin,Townes,2001-08-04,Left,48087.0,-735.8449150574124,-2.9960155785070395,7.358449150574124,-4.083,-674.4752582872128,345.6513310742178,4.6846992717788085,1057.5686391078948,6.261589497065367,0.954683989352071,-247.13855,-89.38
498,498,Ravenclaw,Clara,Broughton,2000-03-17,Right,65796.0,-459.8948275698624,6.540478293019841,4.598948275698624,5.759,644.9853661235417,617.6875477509625,5.294432108054455,1056.5960686069511,6.159296952666362,-0.0496670557187499,-229.73422,-24.72
499,499,Ravenclaw,Tisha,Kohl,1999-06-02,Left,23462.0,-314.7955122241109,4.555615495673374,3.1479551222411097,5.739,357.1594613273402,576.2049635458487,2.956482487192152,1062.9708254398356,7.841168216394621,2.948045494228144,-231.76302,39.49
500,500,Gryffindor,Maryanne,Nix,1999-08-20,Left,47606.0,538.2348569303581,-6.680623970536969,-5.382348569303581,3.391,-550.9617794979654,556.1412936333761,-4.2972599564694045,939.5527837113816,2.600995413706761,-0.0381316930273075,-256.04592,173.15
504,504,Ravenclaw,Warren,Corrigan,1997-12-16,Left,64055.0,530.2829974153385,-4.982693621903792,-5.3028299741533855,3.268,-584.1192323800791,627.8028082235269,-5.256244443565209,956.8073622792856,4.585993630695481,1.0815919143933532,-255.07285,196.53
505,505,Gryffindor,Aaron,Limon,1997-05-10,Right,40361.0,430.4653336829864,-5.319455594253428,-4.304653336829864,4.649,-580.901104245521,576.8751592778235,-5.548898867200018,951.8990716555016,2.51655030491698,-0.0742901567897934,-252.93887,196.61
506,506,Slytherin,Amos,Toth,1997-10-24,Right,38175.0,-565.5161387127905,-3.9838785738223024,5.6551613871279045,,-750.1280366250177,381.29121766529886,5.395228818965578,1068.5513329175024,10.606231378531715,0.966333320364866,-247.74576,-68.57
507,507,Ravenclaw,Adam,Henning,1998-12-11,Right,-13902.0,-354.4568063950058,4.868087606516915,3.544568063950059,3.771,325.3080369463848,535.1024639680702,3.503054915616146,1053.0975447399749,9.287244219128706,-2.297574055359388,-231.29854,82.98
509,509,Hufflepuff,Selina,Mccune,2001-08-17,Left,46750.0,576.3820184779551,6.0028975974266645,-5.763820184779549,2.478,-203.13896197224187,347.5395781240191,5.1347374793205045,1030.5109620459089,2.2899106495943955,0.2388891815414349,-246.44905,-8.02
510,510,Ravenclaw,Jacquelyn,Luckett,1997-12-12,Right,46515.0,-615.0795177450248,3.2883061493645336,6.150795177450247,3.499,419.5341320304252,551.6965927196051,6.5362694174398746,1044.9308787226937,7.040371217678239,-0.4205414184984721,-232.34868,-41.4
511,511,Hufflepuff,Felicia,Huffman,1998-09-23,Left,38516.0,667.9311578279634,3.736741302374431,-6.679311578279632,5.841,-739.4942620714464,388.53596195907903,8.696338713220069,1067.6783395061798,10.138837559082072,1.5941432059351122,-244.32914,-37.3
512,512,Gryffindor,Terri,Ibarra,2001-09-23,Left,31388.0,474.4380242756166,-6.081471612679709,-4.744380242756166,4.604,-796.782177359236,545.5686301987799,-5.157937240503001,937.3092091255828,2.2150095256258444,0.4199201704208624,-254.37107000000003,207.65
513,513,Hufflepuff,Allen,Baron,1997-05-01,Right,50587.0,355.3894545286926,6.270249171649067,-3.5538945452869264,3.545,-358.68578680835014,406.39788743801546,,1032.616055120456,5.970989998421986,0.2599796712018387,-242.25106,-22.73
514,514,Hufflepuff,Patricia,Monroe,1998-05-18,Left,59834.0,359.18316714929614,5.131928361699223,-3.5918316714929617,6.067,-450.8973149922863,399.04129957349136,7.174774081490999,1046.344201380468,4.373252053742204,-1.0981647670081822,-242.01139,-52.27
516,516,Ravenclaw,Carmela,Rockwell,2000-07-25,Right,64456.0,-511.0619942512429,2.9895549634002854,5.110619942512429,6.0310000000000015,870.3280401519394,663.7078900316577,2.154202540642245,1048.0550605043393,5.372843896209487,-1.5672422537565427,-231.26792000000003,-2.51
517,517,Gryffindor,Tabatha,Flanagan,1998-11-05,Left,67622.0,586.0945563493209,-2.5966959008004267,-5.860945563493209,4.838,-767.8808347142361,652.1476705034981,-6.767152068492839,962.9371404905776,3.9612891978321714,-0.6459581455691756,-253.57317,234.36
520,520,Hufflepuff,Griselda,Flynn,1997-04-14,Right,52490.0,387.5940546449376,4.968604746655488,-3.875940546449376,4.16,-487.16455305279817,427.8987151446321,6.77668931303884,1044.5412992010934,6.936579202254532,-0.0023268494891426,-243.26836,-11.93
521,521,Gryffindor,Tuan,Tirado,2000-10-14,Right,35477.0,383.534018537776,-6.155875704565423,-3.83534018537776,4.949,-495.6027145217786,554.5658957950559,-5.051459637802767,943.5582569808772,1.3926716949851583,-0.7564008599069637,-252.63339,179.7
522,522,Slytherin,Freddy,Fredrickson,1999-02-24,Right,42390.0,-704.3539538636386,-4.236539957075953,7.043539538636386,-2.053,-784.8337081131209,343.94400609756514,7.2089322031939185,1059.601355821782,8.195699467160253,-0.3850040756214657,-245.62577,-119.79
523,523,Gryffindor,Laverne,Baughman,1999-08-01,Left,47573.0,504.6357641653439,-2.7246921388625043,-5.046357641653438,7.144,-422.9537269380944,629.9080606526823,-6.6214466870387625,952.4676245435388,1.3166269758311857,0.1477778312254437,-249.66992,223.39
526,526,Gryffindor,Quinn,Blackwood,1997-02-05,Right,59486.0,474.6363366941703,-6.427009833572428,-4.746363366941703,3.789,-169.09161432969998,610.6254957091297,-3.864115237508349,948.2378788745604,3.2946954431348647,1.2654724648536018,-253.74228,150.91
529,529,Gryffindor,Carmen,Lawrence,1997-11-07,Right,52406.0,536.6549521531068,-5.920311591514982,-5.366549521531068,3.826,-668.9386590251871,,-5.33897713653141,928.2061754504792,1.6840160435511784,-0.5615074470494672,-256.04111,203.84
531,531,Hufflepuff,Tiffany,Manning,1998-01-23,Right,65706.0,404.34959353876405,4.681064891382916,-4.043495935387639,4.466,-788.1256271576108,419.5813077635636,5.81254065741635,1071.569606659432,7.551485523708626,-1.9094157461016743,-244.79903,-30.13
533,533,Ravenclaw,Kenny,Sosa,1999-02-11,Right,41393.0,-515.2133206895481,4.95238530165257,5.152133206895481,5.558,780.141326061208,636.4915235009425,6.637259213344787,1067.281978990187,10.1050214829337,-0.3203962598444244,-227.78551,-21.85
534,534,Ravenclaw,Jayne,Bard,1999-01-23,Right,52478.0,-653.3102078099739,6.925201622042708,6.533102078099739,4.904,724.147554636943,610.7140264619057,6.484064180382362,1059.476660159699,7.2207443787655485,-0.3184691799977897,-227.25197000000003,-29.86
537,537,Ravenclaw,Stephany,Ridley,2000-02-08,Right,9576.0,-607.3251365474313,4.42720773096332,6.073251365474311,3.9,508.5172809372305,561.3296774129989,4.875433812052004,1077.0098503206689,9.902024710696246,0.3552290295359274,-228.99763,9.72
538,538,Slytherin,Anderson,Serrano,1997-11-18,Left,45700.0,-510.2895422390159,-2.8282045863505125,5.10289542239016,-4.376,-694.6948000371742,387.9448517648036,5.594081449257397,1046.0961616157758,9.092005255047424,-0.0656339933079721,-248.32777,-52.98
539,539,Ravenclaw,Una,Dudley,2000-07-01,Left,36066.0,-449.6449816626532,7.746318175220933,,,546.7038257699553,599.1825910306093,5.716181597697831,1061.3599721900946,8.575374931441388,-1.7149790133498677,-228.58794,18.5
540,540,Slytherin,Burt,Herr,2001-05-13,Right,9093.0,-715.1654956536532,-6.275341691272395,7.151654956536532,-4.34,-564.5490378741025,365.1516475576977,6.648101644246818,1081.1032906948344,13.240557398545098,-0.4771070016099024,-245.68736,-87.37
543,543,Ravenclaw,Cassie,Amundson,2000-07-28,Left,37397.0,-385.2815527844695,5.790335459636303,3.852815527844695,5.658,449.8998349918916,646.4633522953932,5.836995183504432,,10.373792049308712,-0.3632424529861461,-229.26483,35.27
544,544,Ravenclaw,Clifford,Bromley,2001-04-09,Right,56692.0,-446.84390880431135,4.7665218781262615,4.468439088043113,6.301,,610.3445164313263,1.7665531481068628,1035.7199720573344,3.4139366524403085,0.4517391648530194,-232.10466,27.65
545,545,Ravenclaw,Alina,Cates,1998-11-26,Right,33266.0,-410.5673097116069,5.817988561210952,4.105673097116068,5.4670000000000005,682.5088330772502,610.1866990663259,4.026562454028818,1072.519091398795,8.46100944032298,-0.1304255191956861,-229.16306,14.59
546,546,Gryffindor,Johnnie,Brownlee,2000-11-25,Right,,460.9821226218472,-4.4588884908305495,-4.609821226218472,4.96,,616.9576070532219,-5.824106947906826,948.9212003394368,1.5963083319372613,0.6486755533475765,-253.0356,188.01
547,547,Slytherin,Trenton,Lowry,2001-08-18,Left,29330.0,-645.3053197765785,-3.4460370568615004,6.453053197765787,-6.308,-562.7865493293153,372.74175332647934,1.5512884667079816,1088.474662613355,9.547376100331906,-0.7353720207753102,-248.75429,-34.44
548,548,Hufflepuff,Germaine,Harrison,1997-01-01,Left,68226.0,348.6726877526558,7.596626536758369,-3.486726877526558,3.657,-510.41867209573127,430.6627700129887,4.381621411594351,1044.3840699298223,3.797777918521808,0.8560477528779044,-243.47409,11.06
549,549,Gryffindor,Amparo,Peace,2000-03-02,Left,59600.0,474.8477842368417,-5.842865959425247,-4.748477842368417,3.658,-578.0649068687998,581.4277768878081,-4.942080421460327,948.567167078313,2.465061238166504,0.9981393840545956,-255.25662000000003,172.12
550,550,Hufflepuff,Marcos,Chambliss,1997-09-19,Left,71081.0,509.9662200433849,3.549710488152264,-5.0996622004338485,6.223,-576.1827976809367,364.99484842756783,6.589344899834945,1065.850712996134,4.189628957396359,-1.2840171915375505,-245.38901,-89.49
552,552,Gryffindor,Leona,Joyner,1998-03-26,Left,55001.0,477.0026539839353,-4.133029905728471,-4.770026539839353,5.032,-688.3341345984284,604.1708124620393,-6.149528762869275,954.0400065357971,2.3679204054100804,1.7366893163352766,-253.17175,208.01
553,553,Hufflepuff,Oliver,Switzer,1997-08-08,Left,55942.0,344.12281020784417,3.673646908245589,-3.441228102078441,5.574,-575.3306717301903,,4.4811782185199664,1056.958892681317,5.341886720625477,1.1197646838645885,-243.6697,-17.71
555,555,Hufflepuff,Audra,Buchanan,1997-07-12,Right,79144.0,366.75351753313856,5.939489195920973,-3.6675351753313854,5.1370000000000005,-734.2905211175923,362.3057092500737,3.7676568982496974,1076.4795759046924,2.1066840420865827,-1.004764412716516,-245.26211,-58.56
556,556,Gryffindor,Chester,Fry,2000-01-13,Left,62636.0,783.278013632583,-5.473951403398255,-7.83278013632583,2.576,,582.8450827628683,-5.534045302645887,922.5583604266368,1.7736580009514595,-0.3219196484866677,-259.18162,212.83
557,557,Hufflepuff,Stacey,Ballou,1999-09-07,Left,67115.0,447.2166445109234,5.930733577874233,-4.472166445109234,4.692,-395.2850213615125,385.5953475936535,2.674182102128704,1045.9004717002936,0.7276604587495163,,-245.37527000000003,-10.79
558,558,Hufflepuff,Parker,Isbell,1997-04-22,Right,63271.0,281.14388543699016,2.7100697976940347,-2.8114388543699014,4.968,-607.4784990078913,407.60062080683576,,1063.8686422763087,7.557223066828835,0.3746570631267732,-243.57838,-78.82
559,559,Ravenclaw,Betsy,Mcnulty,1998-08-31,Left,21978.0,-483.39828789482857,2.1911058941910784,4.8339828789482855,4.12,645.920887941366,591.1119466562639,,1062.0996082795405,9.814290301378072,-0.1220568156302735,-231.48288,1.54
561,561,Ravenclaw,Augustine,Stahl,2000-09-27,Right,60238.0,-428.4509288631906,3.5114667329450864,4.284509288631907,6.269,531.9565047829351,618.8840565190873,6.114810045485884,1054.8277536720148,8.042720674520938,-1.1064700873323106,-231.13896,-38.98
562,562,Ravenclaw,Carlo,Dickens,1997-11-27,Left,25325.0,-634.6091508211623,6.245029379529622,6.346091508211623,3.876,646.9718433256035,547.9062114340268,2.5476654610354967,,4.8082316440925705,-1.2398667049103298,-229.4791,18.12
564,564,Hufflepuff,Delbert,Douglas,1998-03-07,Left,83476.0,254.3099792280917,3.911036256959592,-2.5430997922809166,7.43,-857.5464611809742,399.6055043219065,5.224335301042913,1086.843059608197,4.388404621781234,-0.1549439601692967,-243.11723,-91.27
567,567,Ravenclaw,Cyrus,Reynolds,1998-04-03,Right,43947.0,-567.5401640706685,3.514383023547346,5.675401640706687,3.989,316.3426871701864,594.8090756526118,5.4928632771787065,1035.5133827122318,7.871487063308269,0.3968910300625016,-232.24868,6.13
568,568,Ravenclaw,Zachery,Gatlin,2001-09-22,Right,45537.0,-453.6639796075904,4.626356786930005,4.536639796075903,4.847,545.1780937944062,603.742761344829,4.3711275675964805,1047.9223313202965,7.041013573936143,-0.5178498416954965,-231.43628,7.97
569,569,Hufflepuff,Vickie,Olmstead,1998-06-19,Right,22353.0,725.5976408512654,4.273556400049396,-7.255976408512652,5.254,-314.90480470444663,382.61349461623166,9.177905537462216,1031.9862775283943,8.20585892412645,-1.5389577612533605,-243.53668,-11.18
570,570,Hufflepuff,Kathy,Brody,2001-01-18,Left,70192.0,420.0188576086634,6.2964695835810005,-4.200188576086634,6.894,-595.4663198376061,384.1764654736427,3.1636995835486657,1060.7816703470028,0.9790416419192772,-0.4560528417981576,-243.45619,-29.89
571,571,Hufflepuff,Shantel,Wylie,1997-06-09,Right,61194.0,232.888776991508,4.217185984377911,-2.3288877699150805,5.186,-701.4073965219739,503.3779359041028,5.726552641036872,1055.463359024032,9.245810524116807,-0.7915543325370527,-241.77521,9.51
576,576,Hufflepuff,Booker,Burris,1999-10-09,Left,60549.0,457.3085781456805,8.20187556683478,-4.573085781456805,4.325,-299.1387248548036,379.9919093681388,-1.8033142014426768,1034.6000106992965,-3.62076162765629,-0.2324501398404205,-245.59829,59.72
577,577,Hufflepuff,Stefan,Sheehan,1997-06-16,Right,30821.0,449.1672025808767,,-4.491672025808766,6.011,-297.1408400428448,375.1840581617369,4.190773637284703,1036.347755773676,2.481851292619628,0.4025648270427583,-242.48883,6.96
579,579,Slytherin,Gwendolyn,Schofield,1997-05-27,Right,54017.0,-548.2528213986079,-7.814648798262405,5.48252821398608,-7.482,-455.1066209326985,367.13012383343056,7.109791844092193,1052.427989260096,11.226865585302756,-2.123925613116912,-253.03519,-125.59
580,580,Gryffindor,Casandra,Warfield,1999-07-28,Right,43027.0,349.9418350919776,-7.303554574444176,-3.4994183509197763,3.703,-379.9538785431844,601.9920492911642,-3.1667730601083166,953.5084047012692,5.334958833803384,-0.3695189595453575,-252.67669,158.12
582,582,Hufflepuff,Bryce,Epps,1997-11-11,Right,77752.0,135.72156796666093,3.8611054287839166,-1.3572156796666093,4.948,-797.055627034667,436.1159657868672,3.928459956952002,1076.7052038438635,5.49959630816662,0.95185298262464,-243.74762,-43.03
583,583,Gryffindor,Lesley,Reich,1999-07-27,Right,69750.0,352.651177582941,-3.2482474525793834,-3.52651177582941,5.657,-682.1387196373005,617.2490492433557,-7.603293485089084,952.701533623114,-0.1802509900850464,-1.4410608288782365,-252.28141,206.4
584,584,Ravenclaw,Gena,Mendez,1997-07-03,Right,28057.0,-638.6643375482198,3.0706969609359804,6.386643375482197,3.153,398.2516495922112,570.0235401622484,1.509748879225243,1035.2329870670712,5.088396411388446,0.6350920439825811,-233.24278,48.88
585,585,Hufflepuff,Oleta,Sawyers,2001-03-31,Right,51267.0,507.4782547968611,6.098228791819545,-5.074782547968611,6.447,-695.4077660938992,442.1729676798249,2.782886545602969,1056.5083891710142,5.037728407316769,0.7086929148160918,-243.21372,40.43
587,587,Slytherin,Fran,Butterfield,1999-01-03,Left,71954.0,-487.11026753325575,-5.149470770538636,4.8711026753325575,-3.4410000000000003,-573.2882642173628,386.0004662138371,3.5788051162511785,1059.3380209147142,6.471480679002937,1.8232416969012848,-250.91316,-103.66
591,591,Slytherin,Rufus,Sizemore,2000-03-25,Right,45136.0,-511.0557161442532,-3.794730537770993,5.110557161442532,-7.552,,377.4912246954344,2.7061460956064147,1069.1739788788177,9.475613835511792,-0.7581263679972087,-251.73858,-43.42
592,592,Slytherin,Adrian,Crowder,1999-03-16,Left,62319.0,-301.05569934037425,-3.4337869102238194,3.0105569934037426,-4.811,-540.6119594266105,435.8832542484332,0.6690948763885807,1068.5051088816488,8.493548804429048,-0.890634436205861,-252.0068,-18.96
594,594,Ravenclaw,Michaela,Levi,2000-12-12,Left,56619.0,-430.6524556906269,6.837672971140991,4.306524556906268,5.022,582.7456521452267,578.614440713356,5.269839505216588,1045.3328654086365,5.0145028825537805,-0.5415042156204686,-230.7513,-13.33
595,595,Ravenclaw,Marcos,Baylor,2001-06-24,Left,38823.0,-574.4242787556061,9.460452148785844,5.744242787556063,4.877,264.61286780548625,573.9220846552782,3.826682018668358,1033.4251209179984,4.10328986434341,-1.2434933523263705,-228.6024,58.41
596,596,Hufflepuff,Gerardo,Paquette,1998-12-26,Left,68601.0,486.6954935015148,9.132216167019532,-4.866954935015149,4.051,-656.7589475073565,351.3748806816198,3.5509172019241086,1059.551360806628,1.055766461369127,1.211901897496465,-244.8826,-7.87
598,598,Ravenclaw,Hunter,Isom,2000-12-19,Right,61355.0,-589.4798999086478,3.645427599031052,5.894798999086478,5.532,481.6491555539197,614.4259612136294,4.384653123360622,1043.2347547676532,5.800636503344567,0.208710612629382,-231.35227000000003,-18.19
599,599,Slytherin,Tillie,Caldwell,1999-12-17,Right,46379.0,-623.4580672942151,-5.078696291538779,6.234580672942151,-1.167,-605.1976941071198,400.0257041040255,,1033.8620683243264,8.79432039995357,0.6351933169100143,-245.29176,-103.83
600,600,Ravenclaw,Margaret,Bordelon,1999-08-09,Left,,-625.9625073475762,4.997504991373591,6.259625073475763,3.04,544.6103489779179,541.1666551535301,3.8493659920621273,1043.6490978028346,4.818745639648907,0.9715068459533852,-231.66195,5.01
602,602,Slytherin,Oliver,French,1999-03-09,Left,62494.0,-615.8800165145694,-5.860764956966348,6.158800165145693,-4.602,-483.0273752704457,366.5317559557711,5.017433229820954,1052.075039599983,6.949189638892671,0.4205480691989509,-250.33132,-119.11
604,604,Ravenclaw,Leonor,Smoot,2000-05-02,Right,47466.0,-734.9979265001112,4.408438322184726,7.349979265001112,2.448,458.4575183906251,568.9521049751703,5.207415472368899,1043.3135651450211,6.388922104038321,-1.6350700372991809,-231.69958,-15.08
605,605,Ravenclaw,Verla,Breedlove,1999-12-08,Left,32520.0,-477.08923082791495,5.065645815331699,4.770892308279152,4.621,545.1946533161301,580.4989872975502,2.3458530445812515,1047.5605109784804,5.3799447951438735,-1.1460079697720489,-231.45926,37.56
606,606,Ravenclaw,Loren,Free,1996-12-05,Right,46653.0,-285.78368233633614,7.217582717502638,2.8578368233633613,6.021,626.6205125614016,607.1918851637639,3.1001683062146763,1044.5810172726335,5.020294991072458,1.249410689279856,-230.64592,38.12
607,607,Ravenclaw,Jolene,Bouchard,2001-02-24,Right,71311.0,-497.5708770589295,7.177095283319561,4.975708770589295,4.735,229.37833695667985,601.3016044680871,5.037385996015146,1013.5639765239616,3.810551090573672,1.7296297999451802,-232.20035,19.77
609,609,Hufflepuff,Daniel,Mack,2000-09-12,Right,55999.0,563.1975418638233,6.383589184342432,-5.631975418638233,6.222,-528.8854870596416,449.3842536293274,4.362673307964222,1042.8726442244038,5.051625278346076,-0.3559642301215182,-243.1225,28.28
611,611,Ravenclaw,Roxie,Mccue,1997-09-20,Left,55893.0,-590.6621574402811,4.551859005450488,5.906621574402813,4.214,134.42365088553964,584.2190870494833,9.652543555981511,1037.6428672237923,9.808689796370896,-0.3512637128776349,-231.00467000000003,-43.78
615,615,Gryffindor,Grady,Hunter,1997-04-16,Right,60649.0,604.7510420472353,-4.761269086369323,-6.047510420472351,4.824,-330.0797912424676,616.0443845200025,-4.945047182453402,942.2097639097552,2.254483153596519,-2.0642309297491703,-253.85094,186.85
616,616,Ravenclaw,Earline,Goss,1999-10-27,Right,66977.0,-520.2579349163169,2.2841613501923,5.202579349163169,5.091,535.0924575010267,609.3283561171056,4.719414875258226,1044.2449761471207,6.178961474620135,-1.0819604823784483,-233.22949,-38.73
618,618,Gryffindor,Herschel,Roller,2001-04-25,Right,-4491.0,-467.1908689582695,3.3101424569658064,4.671908689582693,2.863,225.31999668322345,540.4167445606979,4.410849489047717,1059.9755369188915,10.765112431517768,,-232.28579,53.03
619,619,Hufflepuff,Rob,Cahill,2000-05-09,Left,38341.0,408.7345614640177,5.9827935727807775,-4.087345614640177,3.905,-36.59365885817056,395.1915106324108,7.603707236195875,1009.4984586798828,3.521569876072232,-0.0140950041273094,-241.91766,-6.78
620,620,Slytherin,Keenan,Mccracken,1998-09-30,Right,65402.0,-341.0671809681466,-6.770930139336783,3.4106718096814665,-5.7570000000000014,-308.9725153460865,431.6946668749955,3.849105717425525,1046.9771641231248,9.615100983249752,1.14383500939201,-253.39242,-73.16
622,622,Gryffindor,Pricilla,Ngo,1999-06-13,Left,47927.0,585.1630452678718,-3.723668334016371,-5.851630452678715,5.731,-598.2364018584196,614.5387966597561,-5.8271227628500375,947.0646940671684,2.697399374350853,-0.0343995535186991,-252.51846,223.96
623,623,Hufflepuff,Fanny,Krieger,1996-12-17,Left,40693.0,699.4334415692613,5.83376427578388,-6.994334415692612,4.771,-564.3719681847198,431.19614151295474,2.025823005741386,1047.864272075409,5.414641626032951,-0.7522931637886477,-245.92733,71.33
626,626,Hufflepuff,Jorge,Somers,1998-09-30,Right,29262.0,760.3429036801956,5.65791462173379,-7.6034290368019555,3.851,-300.64376539844164,379.6189484764891,4.952396466242464,1032.449983620133,5.081367904765214,0.3785289156057453,-245.94114,36.21
629,629,Hufflepuff,Migdalia,Allison,1997-02-28,Left,68124.0,650.4188538556086,1.3689507972695676,-6.504188538556086,7.256,-674.4606477794505,409.8748495167512,4.5572915218929175,,6.24009942362018,-0.4576328906107403,-247.06759,-58.44
630,630,Gryffindor,Wallace,Conklin,2000-10-20,Right,60918.0,400.322949798772,-5.874430525443082,-4.0032294979877205,3.619,-592.5340418847202,,-5.468082532701222,939.1084105835556,2.6871352117984406,-0.7868169163089145,-254.66852000000003,195.71
631,631,Ravenclaw,Douglas,Yamamoto,1998-09-06,Right,31926.0,-533.7511005095837,4.698099580431473,5.337511005095837,3.959,448.9909525490543,577.6267712329169,4.097992374175616,1051.474763383652,7.330980555566479,-2.6534512523595803,-231.28464,20.04
632,632,Ravenclaw,Orville,Neuman,1997-09-15,Left,52012.0,-545.0794909074219,3.052108862988584,5.45079490907422,3.556,368.49314768519486,636.5898622662787,5.863257972979685,1037.5019687087863,9.75221250868057,1.0401918165913524,-232.63312,7.83
633,633,Hufflepuff,Marjory,Bayer,1997-05-13,Left,69088.0,535.4303867812687,4.048432963641019,-5.354303867812686,6.053,-748.3400810222421,390.9267936059132,4.58907350562732,1076.6661824047153,5.2139404437669885,-1.5451671958875624,-245.87765,-47.82
634,634,Ravenclaw,Olive,Hendrick,2000-07-23,Right,42350.0,-599.5641198827988,7.824663314582906,5.995641198827987,4.625,107.04128229739278,586.1626266390185,3.7324404210198665,1022.2304842562062,4.599536535708436,0.9028841202008436,-230.22546,65.13
635,635,Ravenclaw,Mai,Pickens,1997-01-10,Right,54349.0,-693.5505849001568,3.97958142671794,6.935505849001568,4.499,607.0951785170837,613.2129471845923,5.277836826274795,1042.69536482851,6.537683320125487,-1.0989677043687751,-230.10728,-21.59
636,636,Ravenclaw,Rita,Radford,2000-05-26,Left,57378.0,-639.1249720856505,6.063934220852053,6.391249720856504,4.104,356.9216216086233,589.8445336546629,7.004155592882579,1026.3947695662116,6.191102327416452,-0.0859917694518048,-230.35909,-12.19
637,637,Slytherin,Jesus,Coons,2001-01-29,Right,38694.0,-577.0812468429323,-2.8702945173792496,5.770812468429322,-3.728,-685.7608414475505,381.7363956083975,,1082.2392407906466,8.529352894508603,,-247.51403,-44.88
638,638,Ravenclaw,Micheal,Connell,1996-11-17,Left,50427.0,-308.63304607611923,,3.086330460761192,7.465,613.2895735653751,649.6082491728444,7.295288610232676,1070.0626875749754,11.321658936237714,-0.3563614447284391,-229.42089,-37.91
641,641,Slytherin,Kenya,Cole,1998-09-22,Right,42421.0,-626.4249286133954,-5.458226015964353,6.264249286133954,-5.125,-541.9516975699547,377.86845147094056,5.845721699102322,1056.2765059853011,9.91535839191785,1.6166823442841154,-248.8895,-89.67
642,642,Slytherin,Kylie,Duval,1996-12-25,Left,24911.0,-556.7778640709257,-5.6288093088624525,5.567778640709257,-6.771,-571.6907843979664,386.0862370009991,4.607957880376283,1082.313193867432,13.35871982867391,0.2511220883554159,-249.80257000000003,-55.75
643,643,Ravenclaw,Jerry,Gunn,1999-11-29,Left,49925.0,-546.9660940919433,8.46534045279428,5.469660940919434,4.314,238.35461080304785,559.0539082301991,5.129960929414732,1034.5554805869042,4.471265917531918,-0.4210273365901753,-230.29871,21.18
645,645,Slytherin,Carmella,Ennis,2000-05-01,Right,49428.0,-434.1532577188056,-5.446190500612492,4.341532577188056,-3.588,-560.415171181306,416.6197079107144,4.613739351852956,1061.0252030995698,10.39358789138034,1.2438116655213722,-249.52287,-69.05
646,646,Hufflepuff,Rodney,Bradford,2001-03-17,Left,46328.0,720.2056186494337,4.424230689678133,-7.202056186494337,3.37,-607.4074709946888,411.1788456930316,1.11806423390283,1061.664535251106,5.699577606423532,0.2774149807870217,-248.83615,54.11
648,648,Hufflepuff,Darren,Gilbert,1999-12-03,Right,73111.0,206.2341293390876,6.199773691417855,-2.062341293390876,2.507,-576.0468157206502,454.5897160029713,3.8297122110568806,1051.2051616743329,5.195964324403472,0.4089873057330345,-244.22012,9.86
649,649,Slytherin,Olin,Sewell,1998-01-17,Right,49594.0,-435.81309910426734,-4.125073593497643,4.358130991042674,-5.436,-600.829589536904,403.05219528287097,4.484836799474904,1056.3065328910088,10.169190296201776,1.1710086669387685,-250.5597,-51.72
650,650,Slytherin,Liz,Treadway,1997-12-18,Right,31416.0,-600.6628289089797,-4.228617664564094,6.0066282890897975,-5.06,-612.0283668804631,382.46162639904816,5.524150362404399,1061.816175335879,,-0.9715763749001982,-247.79735,-60.47
651,651,Slytherin,Lynwood,Labelle,2001-11-03,Right,42842.0,-536.5456380694878,-6.438031629241617,5.365456380694878,-6.269,-526.6593151792426,372.5610022681232,,1067.9309256260754,11.249734863875306,1.3933748555818155,-251.10348,-94.97
653,653,Slytherin,Benita,Mcclain,1998-07-14,Left,47009.0,-487.6472406430954,-3.945846798075228,4.8764724064309535,-2.857,-374.9901802820738,460.5686289828995,4.436194144266293,1027.93109640144,8.743239973386332,0.3118573394470531,-247.02865,-25.72
654,654,Ravenclaw,Brianna,Shaw,2001-05-20,Right,10162.0,-573.2050160678667,3.5012559207605345,5.732050160678668,,461.932686303456,558.7690436097363,3.2935932280320634,1063.8225551635385,8.394131648071294,-1.3518647858661288,-230.90832000000003,30.52
656,656,Ravenclaw,Garland,Inman,2001-04-09,Right,60930.0,-697.2616601399992,6.177718869726896,6.972616601399992,3.679,273.7552568697461,587.2787004147419,5.917612213421919,1043.2236205523925,6.343872979157991,0.982656445926748,-230.6652,-14.57
658,658,Gryffindor,Kurtis,Mcnamara,2000-01-19,Left,64436.0,676.2098469825157,-4.985534386257685,-6.7620984698251565,4.4430000000000005,-304.08092064505763,636.7725729199635,-4.002241484219714,942.2067876592693,3.973112523359828,-0.9457900158815736,-254.40467,184.77
659,659,Hufflepuff,Charlie,Dugan,2001-08-15,Right,17747.0,532.6000365074971,7.4692085632446625,-5.326000365074969,3.201,-222.22586481586853,373.8662765419592,5.173792142418375,1018.6768338307982,3.772180299463664,0.4310667732179694,-242.85527,56.97
662,662,Slytherin,Eleanore,Hartley,1998-07-20,Right,19873.0,-627.331020621663,-5.954995668732468,6.27331020621663,-4.103,-526.5843186632976,385.75632072583846,6.746358330459517,1066.1141938488922,12.527760667514048,1.3597127809248633,-246.48559,-79.78
663,663,Ravenclaw,Antoine,Murdock,2001-06-01,Left,62891.0,-363.88647468029967,7.874109797738187,3.6388647468029975,7.207000000000002,465.9940228667504,617.5158954365752,4.475015133319948,1058.6051702159095,5.637478668747183,0.7420828531971146,-229.10397000000003,1.18
664,664,Ravenclaw,Claudette,Gann,2000-05-12,Left,64120.0,-647.4102422140397,6.290895032598237,6.474102422140398,4.955,,593.8482503762888,5.623257764291181,,5.312000952403691,-1.0365143591061297,-230.08106,-17.83
665,665,Hufflepuff,Kirby,Riley,1998-11-08,Right,40972.0,491.7967362826101,7.3378057090708015,-4.917967362826102,4.013,-221.73444019498717,314.30122353349253,3.157241122536965,1033.1252943599147,-1.3723146549219716,1.4801642380843236,-244.57147,0.01
667,667,Hufflepuff,Leilani,Crisp,1997-09-21,Left,15925.0,805.5828429627393,5.3393145640437565,-8.055828429627391,6.095,-350.6845090004988,360.1666549283948,6.930188347140975,1035.5422981498727,5.953794294414449,1.3509781903314233,-243.65732000000003,14.97
668,668,Hufflepuff,Michale,Langlois,2001-06-07,Left,69160.0,300.5496934715618,2.5385916322719044,-3.0054969347156177,6.721,-852.6869054470523,428.7513123939876,3.6613015818290418,1085.144537606985,6.228572385470357,,-244.24317,-44.97
669,669,Hufflepuff,Lulu,Winn,2000-11-09,Left,51016.0,519.6336699237465,5.5710923216128005,-5.196336699237465,2.9130000000000003,-447.3160849717384,390.076785844714,3.303454286328364,1046.3670080512795,3.895100152578852,-0.278073777080386,-246.50257,18.86
671,671,Gryffindor,Keenan,Buckner,1997-07-01,Right,53787.0,723.7388468376141,-3.2732257343677027,-7.237388468376143,4.066,-832.3290437780313,641.5758991739306,-6.005476276179028,954.5156571418544,5.712510565530764,-0.4312090356992633,-255.12801,254.99
672,672,Slytherin,Kellie,Fritz,1998-10-06,Right,53395.0,-343.0977978015072,-5.1487392895245945,3.4309779780150715,-6.393,-353.619315283786,450.7896991195372,2.8694360852473,1049.6197726058592,10.710599833681655,0.2773780375284912,-252.33416,-23.7
674,674,Hufflepuff,Ahmad,Garner,1999-03-30,Right,56496.0,310.32224751040525,,-3.1032224751040527,4.953,-790.5803237675335,471.7597163030389,0.178409174262117,1059.398604125609,4.176317887527773,1.6695012771597906,-242.59176,86.55
675,675,Ravenclaw,Sherwood,Drake,2001-04-12,Right,8293.0,-300.0700123151555,7.809491453853131,3.000700123151555,5.385,387.9607275437576,555.7650677511333,6.9725435138541565,1077.178479707194,10.989025835481437,0.396915080278244,-227.86382000000003,23.51
676,676,Hufflepuff,Harriett,Esquivel,2000-01-30,Left,48872.0,449.8728586408032,4.680708651472943,-4.498728586408031,4.423,-455.5246544787787,373.3932091219437,7.887535446111768,1048.465806694229,5.960426169565697,0.7762841240988839,-243.78293,-48.94
677,677,Gryffindor,Cherie,Payne,1999-12-02,Right,39887.0,542.1615787269393,-5.519751078273735,-5.421615787269393,4.583,-618.9237072197554,579.5418493727008,-5.110191674555249,938.7835423272188,2.7592838555389463,-1.8147903955283708,-254.13693,209.09
679,679,Hufflepuff,Elden,Kauffman,1999-11-30,Left,34812.0,646.6169347557127,3.575001143879541,-6.466169347557128,6.171,-374.5873043331698,383.492673633032,5.8915226611317895,1043.7390506756292,5.405200239351403,-1.0666619382709928,-244.38415,-12.89
680,680,Slytherin,Henry,Wahl,1998-06-27,Left,56510.0,-484.6402735627207,-5.603982452717737,4.846402735627208,-7.789,-514.4701471595192,366.7062468814712,3.977595223599608,1066.7627199486622,9.651713901477796,-1.0645013298337445,-253.58495,-85.86
681,681,Ravenclaw,Corrine,Howland,2000-12-06,Left,58642.0,-439.3930493370409,-4.47576553532044,4.393930493370409,-5.0760000000000005,-362.893732922092,442.45117990695184,3.2260671932566427,1037.6718681230395,8.370442210315469,-1.4924039581227004,-250.6176,-36.15
682,682,Ravenclaw,Noble,Criswell,1997-03-01,Left,51745.0,-535.2110603962194,2.996279391284621,5.352110603962193,5.171,607.3034601423052,598.498108996892,5.70029472588153,1055.2194357577516,7.595966433895907,0.1754770217519526,-231.19143,-40.32
683,683,Hufflepuff,Ruth,Shackelford,1997-08-15,Right,45826.0,532.8517360302609,7.222445111940154,-5.328517360302609,4.882,-313.80965211941015,352.5459248957926,5.893877260521251,1035.6586287188998,2.0180907829695096,1.3099242059309006,-243.25735,-15.2
684,684,Ravenclaw,Maynard,Rash,1997-09-12,Right,23903.0,-653.9460906987357,3.8271254361697538,6.539460906987356,3.851,676.2706703603078,620.7270662122747,4.803184635856646,1080.4673764696631,11.133731508587804,0.1191296587823141,-228.55624,3.07
685,685,Slytherin,Mina,Belanger,2000-01-25,Right,42907.0,-568.8396991849937,-1.010892414801944,5.688396991849937,-5.009,-529.1362678401001,413.1300979030377,2.239366049280981,1043.3908375609074,6.931681478712022,-0.7704994257322363,-247.53932000000003,2.07
686,686,Slytherin,Garfield,Leal,2000-06-03,Left,59657.0,-437.7623369360339,-4.5865216042910095,4.37762336936034,-5.462999999999999,-591.3094255895135,387.8066367630008,2.4781641976648188,1074.6483689456718,8.643579870144432,0.8291659958588807,-251.99481,-68.87
687,687,Hufflepuff,Rose,Desimone,2000-10-03,Left,39994.0,628.3662849369024,5.272244762122208,-6.283662849369023,6.558,-227.3664574295283,395.1537341681809,5.984383787140369,1025.991576227797,3.3778472329221447,-1.6232972462949693,-242.94117000000003,-2.04
688,688,Ravenclaw,Theodora,Sawyers,1998-12-31,Right,21541.0,-399.3505395801308,2.5168182662108607,3.993505395801309,5.193,453.60721993468775,655.2549129424716,4.40132259523728,1067.0582639298782,12.830185868291052,0.5234738232290024,-230.71082,43.71
689,689,Ravenclaw,Barb,Gonzalez,2000-07-11,Right,73176.0,-566.1450426360376,3.627426070922035,5.661450426360376,5.2360000000000015,711.0577906779191,617.9416404643227,4.969691639223454,1049.2934195995656,5.492642841849331,-0.5775305543536572,-231.54483,-51.57
690,690,Ravenclaw,Juan,Drayton,1999-03-22,Left,65671.0,-440.3387601078991,6.311156606697378,4.403387601078991,6.853,646.5287260263075,627.451156047226,3.221958316787372,1056.024659871905,4.614668661904652,-0.9818783023815052,-229.77604,-4.98
691,691,Ravenclaw,Nelson,Julian,1998-02-12,Left,28514.0,-510.0493123791516,3.612721155842772,5.100493123791517,5.127000000000002,611.6509327132494,613.2270977969763,6.2150831014908885,1076.94889360887,11.37559193219742,0.7233692817519084,-228.97011,-16.11
693,693,Slytherin,Doug,Verdin,1997-11-15,Left,63060.0,-491.4586530221478,-5.731569138460287,4.914586530221478,-4.648,-486.4449330827575,400.11402619644167,3.916937684494127,1056.5166086416357,8.236120159422589,-0.0989877505236694,-251.1952,-88.79
695,695,Gryffindor,Lesley,Skinner,2000-03-18,Left,66836.0,342.1291390708165,-4.0140754878697456,-3.421291390708165,4.977,-760.4548185301977,615.7126106319962,-6.92472429200362,952.6968148284428,1.1949879286965983,0.4423223157807845,-252.99965,204.56
696,696,Ravenclaw,Louis,Wasson,2001-04-27,Right,62124.0,-539.0049144304269,4.711869637353567,5.390049144304268,4.515,590.8357873119745,588.489376182051,3.818197996930919,1037.0808556089744,3.96828464159512,-1.473923932454541,-232.3588,-13.23
697,697,Ravenclaw,Goldie,Dill,1997-04-26,Left,43116.0,-599.1020826199073,4.32107400082654,5.9910208261990725,3.692,,531.9470917354622,5.393247632333214,1052.3596017836253,5.641109837777725,0.5766468667366687,-231.97215,-35.16
698,698,Ravenclaw,Jeana,Huynh,2000-12-01,Left,19230.0,-380.47127165549546,7.35780282366601,3.8047127165549535,4.968999999999999,537.5619956404622,552.7528233926955,5.600739355065545,1065.9138244291726,8.085473687791536,0.7399654440062482,-228.77812000000003,16.1
699,699,Gryffindor,Manual,Fredericks,2000-03-04,Right,38734.0,741.889373669547,-6.014812223894137,-7.41889373669547,4.301,-393.1405769466507,572.6225142858286,,942.0145755813762,,-0.6241536869557112,-255.05659,181.62
700,700,Hufflepuff,Nicolas,Prescott,2000-10-27,Right,43551.0,717.5571810537433,5.872995558789501,-7.175571810537432,4.2780000000000005,-742.070921757844,410.1246185457955,1.843917962712524,1064.7513850189553,6.082783993195255,-0.6768495653742389,-247.09087,60.05
701,701,Hufflepuff,Kay,Barry,2001-02-06,Left,48581.0,596.9110244310009,4.892875036595275,-5.969110244310008,3.498,-638.8944818457873,409.6526277683738,1.5262896849421723,1061.6313305235672,5.2601757755103655,0.8356000894579891,-247.50971,44.73
702,702,Ravenclaw,Andrea,Ladd,2001-10-31,Right,39281.0,-379.24975752843386,5.949923487512812,3.7924975752843375,4.743,744.6161328168539,587.3105987491152,5.296032087446641,1066.1200893130972,7.8759909244255395,0.1166304189483527,-230.08038,-10.19
703,703,Ravenclaw,Princess,Crisp,2000-10-14,Right,27161.0,-338.31682561394365,6.6526696015730815,3.3831682561394367,5.336,577.9051951208879,572.1756070016962,3.1597827772064537,1050.0502173276373,5.689660773221935,-0.9977523935961714,-230.48408,42.95
704,704,Gryffindor,Blaine,Bullard,2000-04-07,Left,47924.0,-341.94100797818965,4.230244978702424,3.4194100797818963,6.884,306.32995195042093,618.4992813812937,3.292718816253895,1052.3449627738948,7.145534389268048,1.048844016639774,-231.82094,24.21
705,705,Hufflepuff,Tommy,Hendrickson,2000-11-13,Right,37022.0,616.9879337259185,7.469537151467064,-6.169879337259188,3.447,-304.539699954422,351.03124653586264,4.438295606099588,1034.1322845168124,2.3528756641481894,-0.5125828849071086,-244.95814,23.38
706,706,Hufflepuff,Michael,Eller,1999-01-08,Left,67125.0,435.6598271952771,2.3125533337421373,-4.3565982719527705,6.117000000000001,-680.9574672114088,430.8679433911233,4.1821714606712765,1071.7757887146818,,0.4930572190108905,-245.46142000000003,-38.33
708,708,Gryffindor,Alina,Gilbertson,1998-06-21,Right,,447.6351232228682,-6.03139438918446,-4.476351232228682,3.599,-602.4901457749172,586.4151454504482,-4.192877729148022,957.1391802198864,3.6360067634118254,-0.72546634691577,-254.90392000000003,157.15
709,709,Gryffindor,Daisy,Starnes,1999-01-20,Left,37542.0,654.365219976528,-8.265147728529909,-6.5436521997652815,2.084,-649.4997110830889,552.9989979845674,-3.4685305333784893,915.586173409016,4.072176821356194,-0.4779249532196927,-258.83154,199.35
710,710,Ravenclaw,Gustavo,Mack,1999-07-29,Right,29842.0,-424.39671867185285,5.062319999221515,4.243967186718529,4.669,211.62719029504905,595.9429729272632,4.935980949199111,1047.109354214304,9.197589510978643,0.1587869045412339,-231.38808,42.39
711,711,Ravenclaw,Paris,Mahoney,2001-10-28,Left,70141.0,-502.20130654884383,6.054144838850613,5.022013065488439,5.874,554.2210909998485,590.2175211023471,4.549141026207866,1031.55618307511,2.861398070911373,-0.1617456782786525,-231.13751,-20.85
714,714,Slytherin,Alton,Ernst,2000-11-29,Right,63213.0,-450.3670469107474,-5.678248373687673,4.5036704691074725,-6.846,-530.3638445725453,378.32600633384567,4.542627326658198,1058.1281112426936,9.264959889412737,-0.8566192948238749,-253.3846,-91.76
715,715,Slytherin,Murray,Bagley,1998-11-10,Left,67601.0,-480.9750831276629,-8.713620342072183,4.809750831276629,-5.574,-548.6414892724879,356.28631716499603,6.4356430481868925,1070.9592239174983,10.262399729252136,-0.8126689184254102,-253.71753,-162.55
716,716,Hufflepuff,Bobby,Benefield,1999-02-10,Left,27472.0,707.6035659240085,4.258666403126528,-7.076035659240085,5.364,-275.9053402526955,384.7280041006889,,1034.7804303993134,3.6718674811438894,0.8395730044256756,-245.50941,35.97
717,717,Hufflepuff,Lorna,Metzler,1997-11-24,Left,62686.0,417.0379177067828,3.6495435395311135,-4.1703791770678285,5.082,-587.1514080036436,408.8489201352894,5.220921959744575,1060.6601476708586,5.596505284371856,-0.8407705631429265,-244.95387,-37.39
718,718,Ravenclaw,Sherman,Dallas,2001-01-21,Left,31884.0,-541.8154293192391,3.663288247346257,5.418154293192392,4.164,431.3595490996439,561.3518564555626,4.696051929719293,1070.685388587556,8.43352587988443,-0.2081668958189336,-231.41879,-14.01
722,722,Slytherin,Mckinley,Padilla,1998-01-11,Left,45029.0,-562.4312286041292,-6.684970090068117,5.624312286041292,-4.466,-642.160817760164,378.016062520922,7.129460271060468,1063.2677515827038,11.590120735571968,0.7748587428231161,-249.47178,-113.88
723,723,Hufflepuff,Maria,Strain,1997-06-20,Left,39664.0,584.3574778275622,5.307487365770244,-5.843574778275622,5.565,-483.6944279467669,453.3304856552162,6.639799336980115,1037.5304608400102,8.165046133163289,-2.66533830235858,-242.67528,28.23
724,724,Slytherin,Helga,Joiner,1997-09-10,Right,46152.0,-535.7739651873659,-7.003963331258223,5.357739651873659,-3.736,-491.8268528837007,399.4619142905853,8.077243933206734,1041.230837929127,,0.6492821445241067,-248.7712,-111.48
725,725,Hufflepuff,Jacquelyn,Crawford,2000-04-20,Left,31603.0,559.3406784210074,8.270781786029048,-5.5934067842100745,4.593,-351.7396432203345,385.41798540681145,5.102503500168283,1027.0291574292476,3.3382204949915235,1.1419573268806278,-242.3123,45.17
726,726,Slytherin,Latanya,Pinkston,2000-03-17,Right,39477.0,-473.7740773693964,-3.017912819610725,4.737740773693964,-6.782,-553.0941712189407,393.78776391362817,-0.3576839266885736,1094.4606136146108,9.453044703554768,0.4500431612978441,-251.09979,-10.72
728,728,Gryffindor,Ruby,Delagarza,1998-04-20,Right,54596.0,463.86957482012537,-4.899587979860852,-4.638695748201254,5.095,-505.5084760294072,572.3820508914129,-5.7837253874215975,948.581467821906,0.5526559044896104,0.8240197252239629,-253.43645,178.03
730,730,Ravenclaw,Dennis,Rupert,1999-05-30,Right,55550.0,-294.38117072474387,5.8037575103164025,2.9438117072474395,7.713999999999999,486.26852747241605,642.5991580274107,3.985551531896328,1054.0455347826237,7.014180303539961,-1.4234790015204062,-229.99104,17.15
731,731,Ravenclaw,Sonya,Ford,2000-04-07,Left,60978.0,-536.7252706409656,6.082425396675072,5.3672527064096585,4.5280000000000005,498.4267375693957,615.3350676586273,7.187735064619941,1059.3543309446777,8.850284070690169,-0.3923915272009914,-229.73603,-33.12
732,732,Slytherin,Waldo,Osborn,2000-08-06,Left,57294.0,-388.89055281548735,-3.51474578888764,3.8889055281548734,-4.612,-343.548756272786,458.3807161533793,2.5081184314026777,1033.873146060651,8.002627866092213,0.489321038766224,-250.05655,-11.45
733,733,Hufflepuff,Lauri,Holbrook,2001-04-10,Right,68802.0,423.5333035556693,3.0876440499028144,-4.2353330355566925,4.515,-457.816375611152,451.0132693619752,1.976564660493528,1051.8082368939968,4.194865568437197,0.2076954319058503,-246.52992000000003,5.48
735,735,Gryffindor,Carter,Costa,1999-07-16,Left,,,-4.352975180938912,-5.199247701526864,4.819,-664.9791729299908,621.4896362464333,-5.214949652144608,957.488307508308,4.48036021213516,1.112509524642081,-252.91746,210.57
736,736,Gryffindor,Mercedes,Cullen,1997-07-18,Right,64225.0,462.3719187352362,-6.725379031510682,-4.6237191873523615,1.776,-833.532624379939,587.3230910348755,-6.704470566853571,915.7574878999344,1.1159067460846792,-0.213771907320928,-259.1363,223.69
737,737,Slytherin,Luella,Pease,1997-09-23,Right,53234.0,-450.3591271788844,-5.508784167826028,4.503591271788844,-5.45,-204.08963829739795,452.4718613319812,3.5358705284488234,,9.04422350997115,1.3311149496298529,-250.59645,-37.47
738,738,Hufflepuff,Vickie,Sharpe,2000-06-07,Left,74747.0,310.0582829007205,4.973182524470125,-3.1005828290072053,5.997000000000001,-654.5640848872298,385.8109095935168,1.9828660530734337,,1.237469020817544,-0.1575282958179777,-244.64615,-38.02
740,740,Hufflepuff,Garry,Sonnier,1997-01-10,Right,34595.0,637.6831648362488,2.26948426138587,-6.376831648362489,5.176,-362.2126038599779,451.1729669618945,6.681690833346214,1034.9719172942418,9.10722169962622,0.0929422150511807,-244.76615,13.38
742,742,Hufflepuff,Hassan,Hoyle,2001-09-10,Right,49231.0,616.4022439992608,5.014411767264819,-6.164022439992608,4.057,-582.1055937000774,390.5319994189705,0.4315986125581785,1061.3617489611688,3.18131671169006,-1.1157447512262837,-247.72098,41.72
744,744,Gryffindor,Rosalba,Timmerman,1998-01-04,Right,49913.0,794.9029895050696,-2.21498505829532,-7.949029895050696,6.268,-767.74633508802,598.3041089421015,-7.443277788718112,934.3434143915124,0.5004234501758704,1.3370309775044782,-254.44449,263.53
746,746,Ravenclaw,Sung,Poindexter,2000-04-15,Right,101374.0,-460.8951021577618,2.1697125370629164,4.608951021577619,6.72,477.31048795895566,641.9959631061897,6.277327870150333,1030.982639123832,5.133809445004417,-0.0225148782141424,-233.82559,-79.05
748,748,Hufflepuff,Malcolm,Mcqueen,1997-01-02,Right,24891.0,767.3346022076872,4.899694553907711,-7.673346022076872,4.845,-170.42198863278577,354.50069393932444,8.94875677898073,1024.139152028814,5.962553818146813,0.4342905899763393,-244.2249,-19.9
751,751,Ravenclaw,Colin,Lash,2001-10-18,Left,41272.0,-383.1680329985901,6.820773232386619,3.831680329985901,6.226,540.852795368509,622.6543949357748,5.677645268594673,1069.8278638324691,9.328475430270071,1.1329086139469542,-228.26557000000005,6.68
752,752,Hufflepuff,Granville,Allen,2000-04-01,Left,55032.0,366.4116807546203,5.401484900471952,-3.6641168075462014,4.773,-245.2695322188661,356.8796160433159,8.173458138314064,1033.612923622988,2.859172754601808,,-242.61113,-69.41
754,754,Gryffindor,Leanna,Mclain,1999-09-14,Left,53235.0,199.31091178563872,-5.640473071860651,-1.993109117856388,3.886,-913.9943801858462,604.6451055690114,-5.036502132639146,974.9859943616624,5.317340837417901,1.0776705836745797,-252.37095,179.62
755,755,Gryffindor,Kimberley,Sharpe,1996-12-06,Right,39991.0,270.74104185942025,-6.783144005684125,-2.7074104185942027,3.518,-1043.9615274537164,567.3518380001963,-7.512111616461143,906.6273196915248,-0.1607259212409841,-1.7494600452235711,-256.09132,254.08
756,756,Hufflepuff,Ora,Farley,2000-10-27,Left,46646.0,562.3227611282957,3.72637279749959,-5.623227611282958,5.574,-535.4008978956331,366.60840587795394,2.7663886561430484,1060.9350164393943,3.201223209519631,0.1669957267471255,-246.14886,-9.82
757,757,Ravenclaw,Joseph,Vo,2001-07-25,Right,39367.0,,2.6603872107009416,5.9553184022505805,5.175,793.7476683037027,595.8557095667843,6.644708130720612,1092.8880161881093,10.581386788033386,-0.5903891847567013,-228.80322,-73.92
759,759,Gryffindor,Mellissa,Mcgrew,1999-02-22,Left,63263.0,513.3770447990878,-1.919077634291552,-5.133770447990878,4.677,-967.3473613555708,696.6504423003707,-7.758135771166036,969.6552246970758,6.09417401386066,-2.6455007142393847,-252.52002,279.07
761,761,Slytherin,Angelica,Mcclary,2000-07-10,Right,50108.0,-587.6312452456295,-2.314444018379577,5.876312452456295,-4.8180000000000005,-635.2009959106465,387.9010773506287,3.9286536962604575,1047.3089687743177,7.336730367604543,-0.4298970418518221,-248.38789,-44.37
762,762,Ravenclaw,Paulette,Royster,2001-02-21,Left,28851.0,-536.3484047027246,4.788227859169645,5.363484047027247,3.867,181.415217006915,562.3065863141346,6.9934881966547895,1043.06808947743,9.271632451774954,0.4966985865382396,-231.08956,8.29
764,764,Hufflepuff,Edwina,Bowlin,1997-06-09,Right,25688.0,747.8422978737239,7.163628052691895,-7.478422978737239,3.156,-362.9694876595945,339.06348133055326,8.427301854457149,1033.9716673931327,6.289892381075775,-0.8666645564094669,-244.72435,2.06
765,765,Hufflepuff,Wiley,Wayne,1997-06-20,Left,48173.0,372.5274870664087,3.96061783795838,-3.725274870664087,5.8329999999999975,-613.519380636451,406.55725783599365,2.9719052028246145,1061.8240886103129,4.380889103586037,-0.5979387687155528,-243.85754,0.35
766,766,Gryffindor,Ricardo,Miles,1999-05-19,Left,50613.0,566.6254857216837,-6.408720403084358,-5.666254857216837,4.06,,594.3175692323056,-3.2560963068639075,945.3124018379308,4.5128470352898535,-1.0293741270107128,-254.55306,168.92
767,767,Slytherin,Herb,Foote,1998-03-18,Left,62422.0,-422.5831087772421,-6.344534626746317,4.225831087772422,-4.0680000000000005,-421.1837234781568,418.4489578655587,7.2056527133437385,1025.5239854928957,9.407826514045412,-0.3345143481212589,-250.62117,-97.57
768,768,Hufflepuff,Ivan,Arellano,2000-10-06,Left,51604.0,459.5051335386418,5.536146840539229,-4.595051335386418,3.0580000000000003,-295.64947607854486,370.375499531796,7.773364707022486,1035.6400954841115,4.828109245831298,-0.8632911399404337,-244.47541,-39.66
769,769,Slytherin,Orval,Street,1999-01-20,Left,49888.0,-471.2223234695085,-2.2305129167623456,4.7122232346950845,-4.405,-460.40765773231055,445.5349105816361,3.9748606443511454,1023.4946926167293,7.993615347081577,-0.8575030444821602,-248.13382,-5.42
770,770,Ravenclaw,Latisha,Frias,2001-02-28,Left,59125.0,-493.9296358872365,7.655441556430437,4.939296358872365,4.613,129.55734719776143,552.7763402531309,1.8563580288337047,1006.324033374646,0.116429213542196,1.205422943672303,-233.50886,58.05
771,771,Gryffindor,Denny,Romano,1997-05-08,Left,73187.0,413.4648479328836,-5.738558508691787,-4.1346484793288365,2.67,-974.0428779964084,587.2068938284185,-5.804496869011617,947.1668687660816,2.5960405439030887,0.8490459116043949,-257.41448,188.47
772,772,Ravenclaw,Marlin,Quinonez,1997-01-07,Right,54690.0,-394.3481480153058,4.610215562713084,3.943481480153058,5.5920000000000005,407.5928852900418,621.9063999907468,3.760783762821453,1047.9512640142427,6.999994958222496,0.9717403469151132,-232.16235,16.28
773,773,Hufflepuff,Victoria,Nelson,2000-12-06,Left,55695.0,417.70870147534447,7.936468679739717,-4.177087014753445,3.804,-436.8128776420973,,4.232627848864199,1032.9242389594615,3.9908479023908425,2.270562637206216,-242.98304,42.0
774,774,Gryffindor,Huey,Marquardt,2001-10-16,Left,69736.0,451.1980697441866,,-4.511980697441866,5.5,-716.7753447884247,609.5513296719063,-8.858992991610515,928.1297828856505,-2.422484663463976,0.5640558102781403,-254.15358,240.01
775,775,Gryffindor,Trinidad,Bartholomew,1997-08-16,Left,34849.0,577.5835447433941,-5.654342770070947,-5.775835447433941,3.593,-416.13211051581567,642.6257254658249,-3.934012712563734,961.665298846749,8.04240662577152,-1.9564132317550007,-252.81646,214.76
776,776,Slytherin,Jean,Walton,1998-03-23,Right,47658.0,-557.1594702107225,-5.461713389341347,5.571594702107222,-5.502000000000002,-661.4411829697711,354.38913671289566,6.7492704026867845,1060.1691567338562,10.255861034809852,1.1771821043627229,-250.28443,-108.71
778,778,Slytherin,Hilario,Hollenbeck,1997-11-05,Right,74346.0,-301.39263399353194,-6.293455994918633,3.01392633993532,-8.031,-287.9309165908955,425.3075702079862,1.6734964568505657,,8.885649986564829,0.7271258936516274,-256.34955,-58.1
779,779,Ravenclaw,Lindsey,Reichert,1999-08-14,Left,54671.0,-518.2154259575734,4.4796323061777725,5.1821542595757375,4.77,375.5523196218948,619.0059930939623,5.299185104293784,1043.5314138575231,7.850765986453878,-1.1268199526407203,-231.50904,1.73
780,780,Slytherin,Lowell,Champion,1998-12-24,Left,85206.0,-211.29767988382912,-8.311758022602984,2.112976798838292,-6.8420000000000005,-403.2954516848752,414.164648233632,4.594671722910132,1052.4422984117211,10.132673097785084,-1.1337138808284744,-257.48763,-113.93
781,781,Ravenclaw,Lisette,Vo,1997-08-04,Left,45457.0,-366.2609080925873,,3.662609080925873,4.849,520.569048060745,585.7668175708619,4.423344477316865,1061.2258004777668,7.304046339861424,1.0519195088275248,-231.75499,0.13
783,783,Slytherin,Noble,Ulrich,1999-09-13,Left,29000.0,-682.4910725812964,-1.8254744098746327,6.824910725812964,-3.442,-666.2854786467627,374.7823613572351,6.5842274653721145,1036.5847284569063,8.344473676528217,,-244.55356,-47.17
784,784,Hufflepuff,Kyla,Binder,1998-05-27,Left,45164.0,543.4926178016381,5.6105823817304925,-5.43492617801638,4.918,-397.0136369965998,384.3015083336381,1.4931290628424456,1043.1879286414858,1.4197535951776523,,-245.43868,33.17
786,786,Ravenclaw,Carrol,Baum,1999-09-28,Left,54088.0,-565.0968744639599,5.340669481719504,5.650968744639598,4.751,501.1683633126487,598.5393492873379,4.967553516661037,1034.2382016908432,5.464933103094445,-0.8500423526629276,-230.83877,-0.5
788,788,Ravenclaw,Brianne,Redmond,1998-03-17,Left,60024.0,-490.4680078747834,3.8734137770286967,4.904680078747834,4.95,690.0290189496634,640.0176552666418,1.7613642681647228,1049.2112718504247,5.409010155611038,-1.0939520427952556,-232.36958,16.24
789,789,Gryffindor,Carrol,Owen,1999-05-02,Right,25867.0,731.3167761199367,-3.620189666356176,-7.313167761199367,7.107,-361.1324853008149,599.1779442769246,-4.392145160722226,955.2818284345592,4.058108791910644,-1.0058185329909288,-250.3505,215.63
791,791,Hufflepuff,Lynn,Redman,1997-12-02,Right,38995.0,546.1653869312436,4.321604629489919,-5.461653869312436,5.437,-207.4856652018269,368.24171532588167,8.432185370794812,1029.6979214972375,4.781045874327236,-0.5034779762260941,-243.06591,-46.06
792,792,Gryffindor,Aubrey,Box,1997-08-04,Right,51864.0,543.6100139481662,-2.3727042806319467,-5.4361001394816615,6.157,-626.9409062233999,638.488164908729,-5.537724924560052,988.3360732892372,5.523389754741786,1.5761663097220089,-250.15192,205.98
793,793,Hufflepuff,Dortha,Borrego,1999-03-04,Left,32823.0,513.0564109563365,5.04326940652251,-5.130564109563366,3.599,-449.9288397386266,447.9060066925425,3.965183530561157,1037.4593885492427,7.2369198033856925,0.8939793887727671,-244.32734,64.08
794,794,Ravenclaw,Lynn,Fortney,1999-04-18,Right,57856.0,-457.23739410251466,8.116130494800553,4.5723739410251465,5.795,531.3457784883228,613.7707750179541,2.648301333548424,1045.4219160864689,3.872564470860665,-0.3408136337719679,-229.76458,33.97
796,796,Gryffindor,Benton,Pina,2001-02-08,Right,57163.0,644.9989004295769,-4.7279141228671495,-6.449989004295769,5.266,-274.8139012008665,593.0265891129568,,945.071561262398,1.7319233933842764,1.0990167416651322,-253.60865,171.29
797,797,Ravenclaw,Larissa,Cowley,2000-10-21,Right,-24370.0,-258.1539291718634,5.6259025848495,2.5815392917186344,5.771,455.4636385231258,548.4780139683842,5.34029542495453,1086.3853674922705,12.556190290938174,-1.4704135257752644,-227.7625,56.38
798,798,Ravenclaw,Andra,Moen,2001-01-23,Left,40424.0,-467.5737266095989,3.486307225235148,4.675737266095988,3.213,479.80887820341127,571.7582851195882,4.325317284198373,1044.3420458425362,7.093295725732464,-1.1535451736927709,-233.68723,5.24
799,799,Ravenclaw,Simon,Alicea,2000-10-11,Left,41673.0,-448.1400887223084,4.19432568773736,4.481400887223082,5.355,350.56521467937586,570.3810431036911,4.192601911021281,1046.6591583887848,6.143994704513396,0.9586758991644788,-232.15329,4.39
802,802,Ravenclaw,Roslyn,Holman,1998-05-21,Left,41317.0,-597.0914619535395,3.072635950628456,5.970914619535395,3.629,655.981632535334,585.545578267654,5.585216748946746,1060.6204283313807,8.418459011776044,0.3530259152814922,-231.25584,-32.28
805,805,Gryffindor,Dorsey,Carter,1999-05-07,Left,55000.0,484.4230918796368,-3.563434204382558,-4.844230918796368,6.638999999999999,-572.3006670400043,587.7776082048166,-6.212233768566213,949.4587775503217,0.0296774079332022,-0.2753955183792592,-251.6871,194.33
806,806,Slytherin,Dorothy,Brownlee,2000-11-10,Right,89262.0,-226.15426140864483,-8.448978276399894,2.2615426140864483,-7.963999999999999,-369.5557253736426,413.8993802524207,5.684148226570968,,10.231331731313588,0.8812782158768891,-258.33848,-118.52
807,807,Hufflepuff,Bridgette,Handy,2000-05-06,Right,45747.0,551.8562682274037,2.6313624390441808,-5.5185626822740375,5.848,-652.6556517145442,414.5576008199456,5.520352987331378,1065.6832793671442,8.00377255330945,-0.3043691432118827,-245.02736,-18.94
811,811,Hufflepuff,Nadine,Vieira,1997-09-02,Left,7899.0,662.3967952480007,4.923154903520189,-6.6239679524800055,3.568,-253.04161008111384,443.8509816423462,9.8947086356579,1013.115420453218,11.423530869410742,0.5675307704686168,-242.1779,50.23
812,812,Slytherin,Chanda,Hahn,1997-08-16,Right,33803.0,-677.2240840280474,-4.2768529609318735,6.772240840280475,-3.606,-696.0067211836313,352.9029126985723,5.907877719195192,1068.518143111308,9.405839590992349,-0.9122931469588,-246.56322000000003,-92.96
813,813,Hufflepuff,Joni,Teal,1998-08-29,Left,37313.0,,4.366677773500067,-4.914335166660743,5.245,-590.2680981093738,427.4119571713268,7.372095202832964,1050.2549761231494,8.94920127641468,-0.3726715920830497,-242.7418,-0.56
815,815,Hufflepuff,Lorenzo,Mccombs,1997-03-18,Right,55256.0,-571.0936490004002,6.231290691845512,5.710936490003999,4.755,498.33085835890864,619.5040662414942,5.582278055092178,1055.1905192994009,7.732793312875835,-1.0109061933668508,-229.43918,-6.36
816,816,Slytherin,Darrel,Matney,2000-06-10,Left,38924.0,-727.3040012501822,-4.840330810370071,7.27304001250182,-4.299,-646.0332001717524,345.5374460811572,5.968526654538867,,8.813384172467748,0.8172655391263257,-247.33566,-107.34
817,817,Ravenclaw,Marquita,Hills,2000-09-21,Right,,-503.32467771798514,6.250759064967183,5.033246777179851,5.292999999999998,521.855577939956,613.4951241962325,4.400605357896984,1031.3509187154814,4.341988199465996,0.2492219376366393,-231.03647,3.23
820,820,Gryffindor,Sidney,Alcorn,1997-12-03,Left,-2464.0,940.3980794108536,2.9243477728612635,-9.403980794108538,6.9579999999999975,-262.1416646329904,435.1913954894261,9.913827716824226,1018.8519232871008,11.827777626138005,0.3717177461907649,-242.52014,39.62
821,821,Hufflepuff,Alana,Kersey,1998-01-03,Left,33845.0,479.809917239206,3.846392772165909,-4.7980991723920585,5.033,-522.3463042185739,465.0351235691992,5.073603849451375,1042.9856697232915,8.689670837352274,0.3018639717429507,-243.17674,43.56
822,822,Slytherin,Candi,Sykes,1998-10-24,Left,39617.0,-455.4085671684825,-4.949604972832224,4.554085671684826,-4.825,-472.0535655167743,419.3398897564531,4.706164147245868,1054.6816807531673,11.016432552077507,-0.1657408823564566,-249.27836,-47.18
823,823,Ravenclaw,Nora,Lynch,1996-11-28,Right,74035.0,-203.87908692006263,8.617523398443105,2.0387908692006267,7.95,487.9156780821513,620.2388249807027,6.948683403749078,1057.2506772736406,6.583492626239661,0.0440575588522643,-229.08538,-28.52
825,825,Ravenclaw,Branden,Ladd,2000-04-14,Right,84971.0,-503.0098423688189,5.74354859387698,5.030098423688188,5.665,519.4350421136803,618.3627841928577,4.443700713237121,1035.7358241245693,3.539835592896292,1.2701102053115312,-231.97316,-28.5
826,826,Hufflepuff,Darius,Leblanc,1998-11-02,Right,39459.0,604.8741221008115,4.624139317316313,-6.048741221008115,4.418,-601.0343644722049,399.92953405383935,-1.6032818680759444,1063.2984311251234,2.8247929245556738,0.9608672465356084,-247.62805,74.4
827,827,Ravenclaw,Karrie,Eddy,2001-02-05,Right,51956.0,-483.2431505478928,8.247352791823799,4.8324315054789295,6.279,772.4601318182547,643.7157372771994,6.079231919382791,1070.0168036883204,8.355645789947394,1.2610099290119077,-226.12874,-8.74
828,828,Ravenclaw,Lenny,Necaise,1997-11-07,Left,13451.0,-671.7065575436742,2.7639786806681004,6.717065575436743,2.891,472.09629171409694,583.4654966239282,4.441327474013156,1063.3111898158886,10.301747732748176,1.1172407805214937,-230.655,21.37
829,829,Slytherin,Renato,Peel,2001-08-14,Right,73077.0,-397.4496964094215,,3.974496964094216,-5.867000000000001,-315.6439402611497,406.5832376866552,4.85944401664274,1030.6508809781978,7.461730663178782,1.3259458993405482,-253.27786,-91.41
830,830,Gryffindor,Stephanie,Withrow,1998-09-29,Right,47557.0,604.2752742784119,-6.074543889143336,-6.042752742784119,4.2860000000000005,-518.5371976822619,560.6889753231427,-5.038070778733442,923.3296592325404,0.7771206629716252,-0.1155134556795335,-255.92169,194.8
831,831,Ravenclaw,Rhoda,Stapleton,2001-09-16,Left,93900.0,-255.10994679052465,5.745369113139563,2.5510994679052463,8.169,606.6106223277419,630.285760663215,3.8104139190121775,1042.6238919853945,2.6775529327883243,-0.1155598144266455,-232.30561,-38.32
833,833,Hufflepuff,Ladonna,Chun,1997-07-04,Left,69837.0,387.6129886098165,2.132499227595013,-3.876129886098165,5.38,-478.2796295254398,403.2784518130185,6.576303972014352,1057.917548610085,5.502551347019542,-0.1044200202991046,-245.2018,-79.69
835,835,Gryffindor,Arron,Maldonado,1999-02-10,Left,66711.0,459.66569587242407,-5.391593102139415,-4.5966569587242425,3.572,-599.5028392589569,598.092717699784,-6.5317738908950425,933.2754582687592,0.5737774551145582,0.1811405179627862,-255.96326,200.33
836,836,Hufflepuff,Paulina,Parks,1997-07-29,Left,,314.3322468894,4.980420958850448,-3.143322468894,4.6960000000000015,-611.6499832995001,424.328539659072,5.9553652207226815,1054.106125603521,6.961373598128168,1.7179812118991844,-242.42436,-4.76
838,838,Ravenclaw,Carey,Stewart,2001-03-09,Right,64471.0,-657.6824955699767,4.960842392329352,6.576824955699768,3.948,480.1082013881455,609.7735384107182,6.750396216744032,1046.9656068076615,7.56755233081107,-0.8783697928685209,-230.56194,-37.19
839,839,Gryffindor,Florencio,Bogan,2001-03-23,Right,36187.0,481.0437937890952,-6.137879803532589,-4.810437937890952,4.767,-680.4410337410293,561.8125253812817,-4.510162626094553,941.9975561309614,2.926486561608406,-0.0342229097302662,-253.78818,192.73
841,841,Gryffindor,Spencer,Lovelace,1998-04-11,Left,62960.0,650.9713891202111,-5.029782803267904,-6.509713891202111,3.974,-581.5902457553926,593.5603676966232,,953.4708232675628,3.8410060712790366,-2.3569452670120783,-255.63398,174.5
842,842,Slytherin,Darwin,Tompkins,2000-04-16,Right,33487.0,-587.4509735947022,-1.7125389388641208,5.874509735947021,-6.313,-488.5232642483544,415.7725702811559,3.392783026287024,1040.402590635918,8.993270098489594,-0.9146086804067688,-247.81067,5.51
846,846,Hufflepuff,Lupe,Durand,1998-01-30,Right,55709.0,418.22819698900565,6.951079731592046,-4.182281969890057,3.956,-343.2491558674629,363.8055380216672,5.342627475546894,1038.6650935416403,1.8865186525673088,-0.6305197203666938,-243.8071,-20.89
848,848,Hufflepuff,Graham,Lake,1997-07-14,Right,56473.0,538.5688541906542,5.855271686944297,-5.38568854190654,4.178999999999999,-560.4919306164387,404.76851711063495,5.728951058686408,1051.6406810143128,5.870867267978759,,-244.92905,-6.57
850,850,Ravenclaw,Reba,Labelle,2001-07-05,Right,48646.0,-248.3531258921045,8.606710000238946,2.4835312589210443,6.723,128.71645428325803,615.7022592253334,4.1902831637790365,1031.2147428639237,6.116651653290093,0.8612768049092598,-230.59103,70.43
851,851,Slytherin,Chi,Keller,1997-03-20,Left,43311.0,-596.991908067804,-1.7055247224270516,,-5.462999999999999,-570.5324376103705,390.8032697663546,4.821493362304978,,7.594744249216343,0.8180959494248812,-247.80215,-29.06
852,852,Ravenclaw,Bridgette,Reiter,1998-03-15,Right,60300.0,-543.0978041209423,4.340855438466307,5.430978041209425,5.689,512.5428248291668,640.2081981752452,4.919188142023589,1050.6653214779428,7.587495383169818,0.2137226200226272,-230.3755,-10.11
854,854,Slytherin,Daniela,Bone,2001-07-19,Right,16649.0,-654.1054431919986,-5.6023748317652045,6.541054431919986,-3.887,-447.8336669895324,406.6885852059812,5.333045759787342,1067.0388261379337,12.135640509392356,0.492501983592664,-245.69602000000003,-55.83
855,855,Slytherin,Noreen,Reinhart,1997-08-12,Right,50942.0,-426.99463780099785,-5.475914249390018,4.269946378009977,-6.9110000000000005,-413.84160440416895,404.0383417300288,4.109301104739052,,10.305070974315576,-1.2693265677097345,-252.39653,-58.66
856,856,Slytherin,Adelaide,Hardy,1998-04-01,Left,35405.0,-562.6994419720943,-2.033019686600701,5.626994419720943,-6.146,-825.1253590214102,353.1861837923332,4.065904530326526,1076.153227093709,9.981963056284616,-1.0785095755918748,-249.01959,-43.04
857,857,Slytherin,Hillary,Alcorn,2000-06-18,Left,22619.0,-714.8515292654915,-4.6889023746637815,7.148515292654915,-2.962,-612.5525376971614,384.7756762878418,8.337923218249923,1043.3263877861827,11.083512304585833,1.1071929927946067,-244.30677000000003,-81.08
860,860,Gryffindor,Jodi,Fishman,1998-07-31,Right,69057.0,415.38815982234894,-4.13639613667017,-4.1538815982234905,3.33,-809.1776843302241,679.2091877199767,-6.9551634646308775,948.4080088934606,4.7390766813239535,-1.1959745005779665,-254.39627,248.44
861,861,Ravenclaw,Valentine,Dale,1998-09-15,Right,60716.0,-599.1986601107227,5.346689863973476,5.991986601107228,4.32,632.7660890490102,587.7633805606898,3.495215568712055,1035.620331427691,3.3141087606200017,0.3882842334851316,-231.5922,-7.21
862,862,Gryffindor,Bobby,Penn,2001-04-23,Left,36751.0,536.5904745109269,-2.9479948131915625,-5.365904745109272,7.789,-377.6834410131197,614.3491207205525,-4.9855513419003366,970.2494980369148,3.315446531900311,0.8186873521210064,-248.1867,197.02
863,863,Hufflepuff,Chanel,Beal,1997-12-23,Right,46440.0,717.4439615322798,3.852911774263799,-7.174439615322798,3.906,-651.6049177740438,372.1895482882665,4.104696901430152,1068.1449838606916,6.565079422653924,0.5390711914143032,-248.2446,-3.05
864,864,Hufflepuff,Audra,Costello,1997-02-14,Left,49948.0,541.7127717570434,4.107104483071893,-5.417127717570434,5.9460000000000015,-366.75343192989465,407.07801654789023,4.556566872439257,1042.040638991689,3.939189992539269,0.9904564799105828,-244.36753,-8.31
865,865,Gryffindor,Keith,Pacheco,2000-10-21,Left,48897.0,405.4004860439995,-7.694641396997062,-4.0540048604399965,2.269,-732.1677335370703,566.2958504294279,-4.884705887275057,927.9796890128546,2.7814554497859376,0.47235421937634,-257.21311000000003,191.6
866,866,Slytherin,Susana,Nowell,2001-04-04,Left,23872.0,-635.8663585932499,-4.4682334343272085,,-5.051,-405.54126663829874,407.986740606556,4.22341126567423,1058.3083851854424,10.63343014045446,-0.7046136639290297,-246.88497,-36.31
867,867,Hufflepuff,Edmundo,Hixson,2001-04-14,Right,62196.0,321.503919953246,7.278106751953409,-3.21503919953246,3.3080000000000003,-387.3082957039582,365.70173293707126,4.105306659124998,1044.4369859133642,1.0647030130948187,-0.2133206721257238,-244.09075,-17.4
868,868,Gryffindor,Belva,Cody,1996-12-24,Right,67149.0,685.0998736881908,-2.941468581847107,-6.850998736881905,5.082,-385.9875377344548,674.980217499662,-5.994380394537586,951.5852137869464,3.955125734959597,-0.5574201382582996,-253.07694,227.96
869,869,Gryffindor,Virgil,Mackay,1999-09-04,Left,15933.0,626.580642478319,-3.3577260347183824,-6.2658064247831895,8.892999999999997,-475.1111693828797,557.618139325385,-4.805565512095575,950.853334734928,1.3826429510165965,-0.5450945961216338,-248.45249,210.13
870,870,Slytherin,Abdul,Stuart,2000-11-05,Right,43042.0,-541.2387336747651,-4.186511095344724,5.412387336747651,-6.939,-498.0065499854837,369.895112698496,4.022506485793737,1061.3766190395168,9.3186573769953,0.7743519227542246,-250.81924,-60.91
871,871,Slytherin,Jamison,Salazar,1998-01-28,Right,48146.0,-615.4925989655231,-6.196968025249329,6.154925989655231,-4.516,-377.1174788863382,393.386225045322,6.175862789274532,1040.993677292393,8.909330824332976,2.343237105407296,-248.81811,-98.52
872,872,Hufflepuff,Jess,Lavoie,1998-01-29,Left,48394.0,466.0373605352128,5.3350230793041735,-4.660373605352128,5.1370000000000005,-582.5774227474019,,3.890363161279309,1055.648031099673,4.798792687430339,0.8549204241741214,-244.07563,9.58
874,874,Hufflepuff,Belen,Negrete,1999-08-19,Right,23688.0,725.7895466738057,6.629764686972704,-7.2578954667380575,2.381,-108.9902056621028,383.0781938528959,5.710337732746212,1012.7856187515137,4.756718055848881,-2.4539746785067647,-245.45418,53.58
875,875,Hufflepuff,Nancy,Quiroz,2000-08-09,Left,60583.0,580.1037470963604,2.4540066758346675,-5.801037470963602,7.7029999999999985,-652.0389061311644,407.8889155442712,4.998740585538736,1068.8933354991975,5.727992322681928,-0.5097366482589734,-244.98347,-48.21
876,876,Hufflepuff,Jody,Obrien,2001-02-09,Right,27663.0,796.046585728554,3.3474174909156886,-7.96046585728554,,-346.08588498784104,411.7427542412632,4.664674098719399,1038.6302224201827,7.0344809211348585,0.486110043725175,-246.39943,36.09
878,878,Ravenclaw,Eugene,Stearns,1997-08-14,Right,54385.0,-533.5211842550038,4.304112753027703,5.33521184255004,4.874,643.8185668332159,607.1855979174406,,1061.2939072122451,7.54084694544469,0.177535174984572,-230.62513,-31.01
879,879,Gryffindor,Normand,Kroll,2000-05-26,Left,30074.0,569.4363120072652,-5.15378300128897,-5.694363120072652,6.479,-350.9562546077446,573.9103633247212,-4.013580735660293,948.7593737197597,2.744014984923832,0.1030359432027114,-250.98901,183.22
880,880,Gryffindor,Brian,Tatum,1998-10-16,Right,47805.0,423.0889393976685,,-4.2308893939766845,6.09,-583.9747162893301,654.6376710051812,-6.102271054134919,974.1573603822771,4.8732372462975615,1.3933406109748778,-249.47959,222.88
881,881,Slytherin,Idella,Whitfield,2000-09-18,Left,31850.0,-759.9392980254503,-2.7981854981592,7.599392980254501,-4.848,-814.7916272631345,312.8282722622843,6.651890641334601,1064.587954647573,8.476888669598615,2.5125302145217163,-246.48158,-96.39
882,882,Hufflepuff,Luz,Wallace,1998-04-09,Left,44875.0,641.4519459519528,2.7633931070279534,-6.414519459519527,6.335,-337.9856568723268,454.2023074501652,1.883459606067333,1039.4716228863851,4.6045808303092,0.1621756368600923,-245.68055,41.82
884,884,Gryffindor,Eusebio,Myrick,1999-10-10,Left,23655.0,570.0928676491933,-4.110763252791124,-5.700928676491934,5.437,-631.2042488853467,624.3088920779118,-6.103085466703043,948.1011663386356,4.890929615795507,0.9911047355384917,-251.51097,263.5
885,885,Gryffindor,Robin,Hoy,1997-01-31,Right,75321.0,731.2386544645018,-4.549644960167712,-7.312386544645021,2.776,-851.4173690114136,627.3917674695592,-6.908759232825532,910.3927567766658,1.4632586590118644,0.7649065808321208,-259.51864,256.57
888,888,Slytherin,Pierre,Handy,1999-05-10,Right,46303.0,-415.85420204229393,-4.1663862987699245,4.15854202042294,-5.82,-538.4346545985698,410.9577706970808,4.965611838785561,1047.479375188918,10.618346240854995,0.2161856348897034,-250.58672,-42.85
889,889,Slytherin,Bruno,Rawlings,1996-12-23,Right,40320.0,-559.3899488889372,-6.461353326868871,5.593899488889372,-5.444,-521.7514265862163,377.429164486618,7.188152378679181,1052.9342203058302,11.390531522851436,-0.6697441641071296,-249.73342,-101.09
890,890,Slytherin,Neil,Wisniewski,2000-07-27,Left,51390.0,-524.8854847904123,-3.3885685652231348,5.248854847904124,-5.738,-353.58992617374366,421.5993310820313,3.5075177087744627,1031.7305755375312,7.552067268090077,-0.3229129111823873,-249.62402000000003,-29.13
892,892,Hufflepuff,Margret,Stiles,2000-10-06,Right,37399.0,405.63185011844286,4.537999259044442,-4.05631850118443,3.099,-441.7172874644052,393.7657031449038,4.560743287002532,1045.4806571649813,5.5689592556382,-0.1068892092483084,-244.78915,14.06
895,895,Slytherin,Gail,Vidal,1998-12-16,Left,26703.0,-441.3549084939648,-4.67015943104803,4.413549084939649,-6.474,-376.5187212758655,438.6507438542418,3.3022541819034927,1060.9247492746963,12.61522070794365,-0.1106768066485456,-249.66297000000003,-4.99
896,896,Ravenclaw,Bart,Cranford,2000-03-10,Left,57277.0,-304.54625694556074,6.173369965368522,3.0454625694556072,6.13,685.3520141950919,580.0097997326927,3.859851683344992,1049.811756579219,4.006586622183916,-0.6187473493852869,-231.53009,-11.8
897,897,Slytherin,Evan,Albrecht,2001-01-01,Right,48560.0,-376.7753546276326,-1.942163495415881,3.767753546276325,-5.949,-504.1313706306073,432.1588066206248,2.60643862816044,1042.2836368926346,8.870900732912812,-0.0802708874017922,-250.312,6.62
901,901,Ravenclaw,Theodora,Wilbanks,1999-03-03,Right,64160.0,-551.8067857630531,2.9469398679966345,5.51806785763053,4.5760000000000005,608.5569765006054,612.9495107184339,5.018330186820526,1046.2290011368011,6.616082852066063,-1.1035368697111123,-232.43708,-35.68
903,903,Hufflepuff,Claudio,Ackerman,1997-12-04,Left,87485.0,160.41647659977562,5.399528155831042,-1.6041647659977565,4.541,-656.2565588444749,397.0455119024009,6.758871662068592,1067.29945517026,4.11324849808359,-0.5119915066568471,-243.25293,-90.5
905,905,Slytherin,Donny,Lynn,1998-10-31,Right,75462.0,-435.76748155709817,-6.9909286650568925,4.357674815570982,-6.371,-583.2976275243492,366.87005209859,4.655958881643307,1066.9519596392824,8.895538017251601,-0.2680976137913073,-254.7269,-128.72
906,906,Hufflepuff,Rafaela,Wilkins,1997-11-04,Right,38711.0,627.6726416763871,9.21418938494727,-6.276726416763871,1.984,-454.60519958705527,336.91673473968103,7.623425660865378,1037.4268926761697,4.914658994141844,-0.4287250106984071,-244.59027000000003,7.32
908,908,Gryffindor,Tracy,Feliciano,1998-12-24,Left,39936.0,667.9497248513941,-2.8981006795965865,-6.6794972485139406,6.672999999999999,-622.9677723459408,614.8204063705715,-5.63551055124254,954.0006009353268,3.438959884067518,-0.6084914590130027,-251.38113,234.39
909,909,Hufflepuff,Manual,Burris,1999-06-17,Right,61452.0,600.1188012312682,1.8583727202292324,-6.0011880123126815,5.209,-443.0688916277251,331.7419593406437,3.89523351255247,1066.9772183539533,2.455849139344607,-0.5495510265908121,-248.49429,-75.63
910,910,Ravenclaw,Randi,Hendrick,1999-08-26,Left,56563.0,-326.83000836702183,5.768800681454513,3.2683000836702183,7.316,329.6257807116864,,4.388883256978287,1042.5635341660927,5.392529890980124,0.7044204569372524,-231.11854,7.76
911,911,Hufflepuff,Beatrice,Trombley,1997-07-03,Right,32041.0,437.4627197699243,7.834177197140138,-4.374627197699243,3.582,-299.04032054672786,402.4017527723177,4.888372865264615,1022.8322770966448,3.69135124935063,0.0202072582160358,-242.16604,51.47
912,912,Gryffindor,Kaye,Paulk,2000-10-27,Left,32689.0,616.6990988360988,-6.272873464122647,-6.166990988360987,5.434,-383.5999244676737,553.3779852414534,-2.2097977766791272,956.3567246154124,4.557514908922194,0.4362679747020725,-252.62739,148.2
913,913,Ravenclaw,Janet,Creighton,1999-07-10,Right,64762.0,-739.7313286883832,2.6465615033311183,7.397313286883831,3.327,1006.1039207463552,576.1130255755422,4.334636085629388,1056.6760162129997,4.057920533461081,1.0324012636657145,-231.69681,-79.25
914,914,Ravenclaw,Marylou,Laporte,1998-11-27,Left,21837.0,-490.7993912439808,3.1338908172763498,4.907993912439808,4.605,593.8648907606763,604.0343781474224,6.993173785726287,,12.575439189342886,1.08694635158811,-229.33164,-18.81
915,915,Gryffindor,Louis,Falk,1998-01-01,Right,38704.0,580.0378575668954,7.641341729425423,-5.800378575668954,4.899,-642.6727453780919,461.6397818898182,3.576755138153481,1042.8753902021174,6.919305431851988,0.6024283280256274,-242.9197,86.72
916,916,Hufflepuff,Quinn,Pride,1999-10-03,Right,98030.0,304.1198227782408,,-3.041198227782408,6.8260000000000005,-846.2661329181856,402.890924346066,2.37260682567608,1088.9274039494114,1.9427690105300373,0.8700927024220473,-245.33235,-73.97
917,917,Ravenclaw,Malcolm,Lane,1997-04-03,Left,17853.0,-544.7476475353192,6.794539703954007,5.447476475353191,3.58,285.74345235976864,533.2967276040088,4.775030593899711,1043.1935785244586,6.47495751043992,0.692735915501769,-230.32738,40.09
918,918,Gryffindor,Rayford,Denny,1997-04-17,Left,34208.0,654.4598112341032,-4.713041538257582,-6.544598112341032,6.255,-369.89961436209154,568.3881805298953,,938.5094403530088,1.4522772553680006,-0.16533273085597,-252.38059,197.75
919,919,Hufflepuff,Theo,Reese,2001-04-04,Right,31537.0,702.0704601123883,6.393154477870362,-7.0207046011238825,3.079,-391.1658417064968,366.7876323005504,4.149533333590002,1039.0404988914058,,-0.5962777816868277,-246.30175,40.87
920,920,Gryffindor,Tricia,Pfeiffer,1997-12-29,Right,37553.0,557.9067335017634,-4.579353197141846,-5.5790673350176325,5.405,-618.6845345819683,589.8214087938338,-5.466886541371398,946.837014674654,2.953695117704206,-0.9743669382032544,-252.76012000000003,218.34
921,921,Gryffindor,Jaime,Day,1998-01-26,Right,47897.0,349.71833829581163,-7.086761694739837,-3.497183382958116,4.476,-235.07825571426105,544.6955274014529,-3.4096154385184883,955.7950679449652,1.6556582629388037,-1.3473750345378577,-252.71981,115.02
923,923,Ravenclaw,Clifford,Negron,2000-11-14,Right,62725.0,-666.6669290290581,8.434869783040032,6.6666692902905815,4.899,383.1069376635321,596.1986773425876,5.132872465196397,1034.397132509557,4.036582207019148,-0.7172142983176122,-228.72762000000003,6.06
924,924,Hufflepuff,Tami,Graham,1998-03-11,Right,47776.0,594.513802804432,5.23686039143246,-5.9451380280443225,5.381,-362.7596126688168,358.72468060179017,4.160200207955919,1044.4683041823143,2.071916315087545,0.9003400645279129,-245.19524,-14.03
925,925,Ravenclaw,Jerri,Everhart,2000-06-06,Right,60828.0,-683.6687292451047,7.660798334431348,6.836687292451048,3.57,550.2600721127109,602.9836521076169,3.5662485270129367,1035.7401020938105,3.7507263867073286,-0.4986358468019679,-230.02,18.53
926,926,Gryffindor,Luke,Mcgregor,2001-04-04,Left,75093.0,309.2149029391736,-5.056887812677184,-3.092149029391736,4.009,-369.6565055979922,641.8989144721529,-4.504934899929237,977.6364059202572,4.477719165708714,-0.5700749221953887,-251.99977,141.89
927,927,Ravenclaw,Abdul,Tam,1997-11-13,Right,34309.0,-450.65882749038,1.825783780396525,4.506588274903798,5.482,508.7914275566434,609.8733001388464,6.3558847925609605,,11.281728009537993,-0.8283884192356517,-230.98674,-27.47
929,929,Gryffindor,Marlin,Swartz,1998-07-26,Right,57978.0,415.95650481414185,-2.2023047002567853,-4.159565048141418,8.32,-289.31043420970656,634.8984287935086,-6.038444469129755,967.3212989381108,0.6915292202048717,0.9963382305386128,-247.43629,182.91
930,930,Slytherin,Felix,Cothran,1998-07-10,Right,49359.0,-492.97828740218216,-5.897917003879633,4.9297828740218215,-7.075,-506.6795644066207,372.0310037976196,3.2545569117662883,1080.4841993263983,10.319301804753984,-1.2066303330280737,-252.66082000000003,-81.86
932,932,Hufflepuff,Lucretia,Carter,2000-11-03,Right,43708.0,369.3908808246669,4.235676229640281,-3.693908808246669,7.1720000000000015,-962.452145841278,,9.047393107854283,1077.9081461538544,11.075473031718795,0.4309079383008458,-240.52,-42.21
934,934,Ravenclaw,Roland,Mcginnis,1998-01-07,Right,37119.0,-636.1783063729662,4.151614482558951,6.3617830637296615,3.866,165.42851717344053,597.7710707611983,,1039.2828832464438,7.911229283403099,-0.4781247757790826,-231.69268,35.87
935,935,Slytherin,Brianne,Irons,1999-03-23,Right,27666.0,-777.5890782816526,-8.250943359089849,7.775890782816527,-1.6,-693.1827483094245,330.99167222789987,10.312820690117103,1071.34245092361,11.852314699600347,1.354599430012424,-244.96848,-181.47
937,937,Hufflepuff,Zenaida,Mclaurin,1999-11-07,Left,35205.0,641.5529712655081,3.410870019182461,-6.415529712655081,7.016,-539.3440197195158,419.7907246277919,2.791255926744989,1053.1413662671705,5.354643729739603,-1.4226623405422438,-244.61918,31.28
938,938,Ravenclaw,Ivy,Arriola,2001-03-02,Left,,-281.73743519184035,5.074208455651903,2.817374351918404,5.853,120.38873963759372,576.1867417715915,4.149077070106567,1044.1501992603812,8.157588222873702,0.6544415359057487,-232.12481,56.24
939,939,Ravenclaw,Gary,Daigle,1999-04-03,Left,20951.0,-625.0896209948447,4.833470408560403,6.250896209948447,3.233,,567.4668411890123,6.943503231619568,1045.4515891022104,10.478354724948057,0.6197155179891979,-230.54368,25.26
941,941,Hufflepuff,Keith,Mount,1997-03-17,Right,60483.0,-496.0187524234644,-3.2312528223179515,4.9601875242346445,-5.211,-498.0924964547689,390.678973029703,2.4908771394866163,,6.405456309680776,-0.5803197625660478,-250.64589,-53.4
942,942,Gryffindor,Trina,Burch,2000-11-20,Right,53725.0,509.37646193081673,-1.4182886551554734,-5.093764619308168,8.136000000000001,-483.8611205059487,657.25063350279,-5.577820807462944,987.6489422530452,4.2769254407752415,1.5477497712845496,-247.2691,201.45
943,943,Ravenclaw,Pam,Acevedo,1997-11-03,Left,35993.0,-513.7807453160034,5.752339664796377,,4.962,513.8453832989904,535.4252346278513,4.754113666370314,1079.7765865833433,6.531076265587786,,-229.96892000000005,-31.66
944,944,Hufflepuff,Kristy,Obrien,1999-06-15,Right,58633.0,,4.3918844190973845,-4.830103552588816,5.759,-665.777887886131,445.1987328504506,1.8166891197192705,1061.5976424260632,4.9390903851256285,-2.4800965505692063,-245.14737,27.33
946,946,Hufflepuff,Tameka,Kang,1999-07-03,Right,46133.0,665.3382893754225,5.6596975957124105,-6.653382893754225,5.046,-557.6472442087255,389.2803603770486,5.743512319936426,1051.7334157625446,5.9369564541165385,0.6781512166878525,-245.04442000000003,-0.03
948,948,Gryffindor,Millicent,Boles,2000-06-18,Right,59712.0,436.8221539977462,-5.012568387066126,-4.368221539977462,3.824,-761.1718287098176,622.4116377308737,-5.275982720474512,957.8058065568928,4.6300036273153165,-0.1322775942254604,-254.12972,201.08
949,949,Hufflepuff,Valentin,Munn,2001-10-04,Right,65271.0,446.190246734458,5.2241765545410015,-4.46190246734458,4.308,-521.8393552844825,400.9782936555998,3.229644972804551,1054.3111021529276,3.176928337594686,2.1775548832545457,-245.74133,-8.52
951,951,Gryffindor,Al,Foust,1997-05-26,Left,22679.0,591.8458916003242,-3.2428365188932173,-5.918458916003242,7.007999999999999,-642.0644998672543,579.3308411547563,-6.706934855053802,943.0295814120512,1.370748671667247,0.7154372006195321,-250.8401,252.17
952,952,Slytherin,Joseph,Schreiber,2001-06-02,Left,16913.0,-763.3174396998375,-5.8016100324544855,7.633174396998374,-2.355,-749.9118160797559,345.55387007774414,10.798491095352915,1053.1751978994594,12.389694942558808,-0.4179515753205594,-243.63957,-128.88
956,956,Gryffindor,Sallie,Pierre,1997-11-13,Right,68517.0,721.4147456899577,-2.981744436905806,-7.214147456899577,4.799,-820.461915829079,621.2369246072923,-8.346356421627378,910.3387076847978,-0.9809751741424524,1.6767137057399482,-257.03594,275.72
957,957,Hufflepuff,Winona,Robison,2000-08-11,Right,50198.0,439.5558389909662,3.6601200999507215,-4.395558389909661,3.103,-654.8099754181113,370.3452935990898,5.15203126729275,1068.881393802136,6.56963055982242,-1.8060625853310568,-246.55361,-29.89
958,958,Hufflepuff,Suzan,Graves,1999-08-09,Left,65890.0,303.35214532021524,3.5185228443601897,-3.0335214532021526,6.952999999999999,-625.1498235417652,467.6622165400312,2.6970434035746926,1059.6059684093464,4.783540995886532,-0.0814118184565224,-242.98969,-0.86
959,959,Hufflepuff,Danilo,Braun,1997-06-17,Left,35896.0,676.2704081660631,7.429433139463493,-6.762704081660631,5.035,-167.27549194974526,439.96470707580215,5.45631506646329,1009.5622687312496,4.3730449275572525,-0.9525292523752334,-242.66409,62.41
960,960,Hufflepuff,Robbie,Wray,1997-11-19,Right,36126.0,749.5017874186927,4.7670059156520725,-7.495017874186928,5.307,-96.17798048767712,357.3276954044661,6.545523114747804,1021.6317078242072,2.9773475231763173,1.2975538812608074,-245.10374,-16.07
961,961,Ravenclaw,Irwin,Friedman,2000-03-04,Left,87121.0,-584.5715063046395,5.023853645001688,5.845715063046392,4.872,184.1172478252352,603.8877211533259,6.960425495187848,1012.665762690881,4.530533587732105,-0.0992176175020375,-232.99906,-35.53
962,962,Gryffindor,Rufus,Hutto,2001-10-18,Right,28604.0,664.5429381577908,-3.5468693555066544,-6.645429381577908,6.261,-613.4366505227013,596.9272733464289,-5.086427650643138,960.1008499006248,4.545110168108865,-2.3845082731210705,-251.36167000000003,228.61
964,964,Hufflepuff,Aurelia,Damron,1997-03-10,Left,44965.0,573.8487832092243,5.432413781143451,-5.738487832092242,3.491,-499.09816813282487,369.6498636998032,5.193273453920988,1051.6428782630885,5.177023571804006,-2.0016588894904785,-245.90092,-3.63
966,966,Hufflepuff,Merle,Yoon,2001-03-27,Left,40439.0,436.36189639171374,5.719084545151873,-4.363618963917137,5.053,-301.50410409550625,378.10728396510086,5.178795742712839,1035.0568606109698,2.8515699770522818,1.0477836376746337,-242.8177,-3.93
967,967,Hufflepuff,Erasmo,Matthew,1997-08-14,Left,55061.0,649.8364190850157,3.165657058918609,-6.4983641908501575,,,367.8294450512149,7.019576905468058,1070.2890465060186,7.058061845462746,0.0035627493189941,-246.21986,-62.91
968,968,Gryffindor,Rudolf,Childs,1997-11-25,Left,40517.0,485.9093515833935,-3.5830271323233585,-4.8590935158339335,7.029,-267.91466314981943,632.6979850909718,-4.529504515195481,973.2042579719632,4.406556479587785,1.0062567072277986,-248.2284,185.89
971,971,Slytherin,Mickey,Law,1998-09-02,Right,47951.0,-276.91292558508883,-8.106624618355685,2.7691292558508884,-6.769,-252.99411984237295,445.50127243842337,5.604407796838915,1046.9328945225177,13.53676212499442,0.4454173670629736,-253.60049,-63.93
973,973,Ravenclaw,Adrianne,Nielsen,2001-03-17,Left,68702.0,-534.2124516494308,4.853672255630606,5.342124516494309,4.988,768.7152662704892,576.7281339758501,4.667285554767117,1045.7254448294486,3.35577561217632,-1.00275990228265,-231.60624,-52.14
974,974,Gryffindor,Nelson,Lin,1999-05-01,Right,50255.0,520.4444863107979,-6.895851943274286,-5.2044448631079785,3.395,-374.9720898207452,565.7792557426502,-3.371216129728814,950.92147677949,3.642031301648341,0.5785995449325707,-255.09776,146.29
975,975,Gryffindor,Wm,Mulkey,1999-01-13,Right,48538.0,649.0861027205805,-4.07639720889748,-6.4908610272058045,6.1110000000000015,-254.8408827743793,606.7238199781356,-5.660437355576423,935.0672425793512,0.78348391432761,0.0908346654628271,-252.43894,207.27
976,976,Slytherin,Stephany,Arrington,1997-06-26,Right,33831.0,-628.8988150472605,-5.725001139205457,6.288988150472605,-3.786,-431.1171012481345,420.9428908417543,6.370211876194063,1043.6226996932155,10.929420798676777,,-246.6712,-67.69
978,978,Gryffindor,Shanda,Trammell,1999-12-01,Right,63037.0,420.4479124974639,-3.4255745105386395,-4.204479124974638,5.075,,642.396916853246,-6.942882194804263,957.0840139059997,2.8914398485876465,1.1337186915957072,-252.55696,227.03
980,980,Ravenclaw,Terrance,Gamble,1997-03-25,Right,50653.0,-308.6546773157165,4.669156629420209,3.0865467731571647,6.4179999999999975,421.9833291386952,659.2548817663203,3.4317935020437367,1043.0540100245134,8.108177615449637,0.0263935140660152,-231.60539,46.02
981,981,Gryffindor,Collette,Kingsley,2001-02-12,Right,73031.0,288.19256072532164,-2.9427922903995425,-2.8819256072532164,5.598,-892.9694953057888,633.3117311478925,-7.712050784363768,961.126312423254,1.0863739336709828,0.6118093891413541,-251.96294,215.07
982,982,Ravenclaw,Virgil,Bechtel,1996-12-04,Left,48926.0,-225.19098775272232,5.92273080109759,2.251909877527224,6.901,532.4948430822346,605.6336395658543,4.10439831005549,1053.5489411548797,6.437951190911093,0.1077724314079256,-231.12434,12.97
983,983,Ravenclaw,Walker,Baldridge,2001-09-15,Left,30966.0,-220.0793962056789,4.806454180126309,2.200793962056789,6.652,446.12489124974616,590.0026292750057,3.8433728548011215,1063.2639753827991,8.080243738757357,3.0565457738978123,-231.38192,24.17
984,984,Hufflepuff,Lori,Lavigne,1999-03-03,Right,72095.0,557.4450761518831,3.084233634206244,-5.574450761518833,6.766,-761.5189158307405,429.2072053210224,4.488621499642565,1074.8137547065155,6.441428647805036,-0.4668083601352399,-245.82715,-39.31
985,985,Slytherin,Kevin,Easterling,1998-02-17,Right,52033.0,-475.3346587224769,-7.87981892829773,4.753346587224768,-5.8729999999999976,-248.7632614726862,425.5114969894952,3.232833714873022,1065.0796296863111,10.617007329476689,0.8167715485312382,-252.14371,-80.15
986,986,Ravenclaw,Fidel,Eagle,2001-09-10,Left,4047.0,-383.0333987947785,1.923503804848829,3.830333987947785,4.729,305.84423370075484,560.2076834008622,4.901420417423896,1066.8451563659496,11.229533465087297,-0.3931314259859302,-232.10082000000003,23.12
987,987,Gryffindor,Clair,Keener,1997-03-10,Left,29786.0,283.64811844149574,-4.62744909380308,-2.8364811844149576,7.937,-63.712911151838725,570.3616375327963,-3.719277333643428,986.0561557211556,2.3388793040737337,-0.3280216290413217,-245.76393,122.72
988,988,Ravenclaw,Landon,Barclay,2000-03-06,Left,61478.0,-609.877736823669,3.732553323793432,6.098777368236692,5.048,505.2227343481037,664.0020869898545,4.2912524966651695,1038.3590860429877,7.611582110602797,0.1497965322751172,-230.87773,10.65
989,989,Ravenclaw,Delilah,Compton,2000-06-13,Left,10329.0,-617.3040592011004,1.4328134621160946,6.173040592011003,2.489,564.9925526953859,591.865747465436,4.42797347861599,1069.6985519546463,11.70845680406569,1.221078337669912,-231.61223,16.41
993,993,Hufflepuff,Geneva,Cazares,1997-11-02,Left,38936.0,498.8167141972831,7.921588146530496,-4.988167141972831,3.767,-382.7548412407816,369.7181090916205,6.2298629570244,1032.5307337749812,3.743207716157849,0.8108821477404081,-242.88521,13.21
994,994,Ravenclaw,Wade,Rau,1997-03-29,Left,93332.0,-344.6408678273616,7.315133753797165,3.4464086782736163,7.235,649.0017225424784,680.1641353465584,4.974460431935081,1047.4026492968974,5.5806875992570735,1.1822039045101482,-230.00162000000003,-19.39
995,995,Slytherin,Judy,Prince,2001-09-13,Left,47180.0,-470.24144543272456,-3.3555765211333086,4.702414454327244,-6.725,-279.6030667566746,427.01350930339134,,1040.9159739978286,8.066360672933136,-2.111009400502256,-250.67684,-9.09
997,997,Hufflepuff,Randall,Suarez,1999-11-26,Right,70008.0,272.07163583393867,4.349899215682891,-2.7207163583393865,5.823,-778.4496857528444,427.2526382602792,6.336927762560327,1070.8767088849693,6.818488447244612,-1.862924155511048,-242.79217000000003,-52.27
999,999,Hufflepuff,Kristi,Holman,1997-04-24,Right,61931.0,467.09978624175767,2.2951923716156366,-4.670997862417575,5.079,-695.5355940729864,404.42664924933337,6.140868326447103,1073.1595885065994,7.735978932667915,0.6214296575732435,-245.9408,-57.27
1000,1000,Ravenclaw,Ronny,Oliva,2001-08-07,Left,70424.0,-356.94837100374787,5.2073015174953845,3.5694837100374794,6.103,335.2465741805043,597.0879034716021,5.566323158708952,1045.5732819937907,5.9723913861682325,-1.2638582182416191,-232.52373,-26.46
1003,1003,Ravenclaw,Denver,George,1999-10-04,Left,47161.0,-480.56377767091215,2.4559029373697907,4.805637776709122,5.617000000000001,640.088355024096,618.259836477504,7.517600261627619,1060.6769187820807,10.3554754697621,0.1794074493541644,-230.27987,-51.02
1004,1004,Slytherin,Jewell,Vail,2000-02-18,Left,67025.0,-484.75528791369766,-10.083581843998422,4.847552879136977,-5.191,-379.5308825438033,376.11180485885,8.71295390013988,1044.9368432676497,10.815487229118569,-0.8435805112455792,-253.16325,-176.72
1005,1005,Gryffindor,Eli,Walton,2001-05-16,Right,34335.0,356.3351046626931,-7.298950592397226,-3.5633510466269307,3.68,-469.8266364272361,590.5072282465999,-4.020953427074633,943.8832705202716,4.539026286482557,-0.59031970679994,-253.09802,184.24
1006,1006,Hufflepuff,Freda,Donald,2001-06-10,Right,39878.0,624.2210550121307,4.43948383842113,-6.242210550121306,5.343,-453.1642698524004,468.8615669233838,5.332631773566295,1037.0986760001103,8.237699451348053,1.178077597931786,-243.89829,44.24
1010,1010,Hufflepuff,Bertha,Randolph,1997-10-23,Right,57903.0,391.87173423851823,2.731888688880745,-3.9187173423851815,6.221,-735.2286284868437,455.8680262182909,8.376021322164124,1065.5469870512577,10.453882412307667,-1.505754471006187,-242.65338,-47.84
1011,1011,Slytherin,Tabitha,Goins,2000-02-03,Right,34072.0,-504.2124224549642,-1.9234011853753028,5.042124224549641,-3.749,-676.9496332761562,,4.900601401955706,1050.2943468731592,9.543399956596325,0.3066107403805821,-246.6337,-24.78
1012,1012,Hufflepuff,Damien,Hays,2000-06-03,Right,45365.0,664.9355230455018,5.935061224046615,-6.649355230455017,3.037,-358.93447665384895,370.12607951621015,6.001657400280688,1038.6731340890776,4.947312137554167,1.0033914864057527,-246.32018,-0.49
1013,1013,Gryffindor,Rocco,Hershberger,1996-12-25,Right,63302.0,384.548779603426,-2.868107946804852,-3.84548779603426,5.35,-677.2409928985628,689.6814846183188,-6.741156828640827,968.1815998732724,5.011685358581818,-1.2908830034065075,-250.58636,236.53
1014,1014,Gryffindor,Letha,Ali,1998-01-22,Left,35439.0,536.8507424999991,-4.556581124708635,-5.368507424999991,6.831,-279.65709526417703,596.0872399836487,-4.805102478321482,945.6376594680072,1.8986704644411985,-0.4953620211693003,-250.23116,193.78
1015,1015,Ravenclaw,Alice,Sample,1999-03-07,Right,51386.0,-765.1109488354172,4.26452897891075,7.65110948835417,3.418,596.0040785637108,580.7135408125245,4.932212385631847,1055.643024226909,6.186262566433379,0.1278153624838509,-230.39459,-34.25
1017,1017,Hufflepuff,Jonathon,Kaplan,1999-08-12,Right,37415.0,404.8195622595045,6.120724120451423,-4.048195622595045,4.742,-429.9984086426281,430.1566053785701,6.205459620913148,1033.3511140453336,6.2170977875928255,-0.5907617901223858,-241.62688,25.61
1022,1022,Ravenclaw,Bess,Conte,1999-11-18,Left,35060.0,-418.9065527051216,5.492307646677643,4.189065527051215,5.772,812.6522382987268,564.5593643891024,6.014744429350902,1089.3180124712055,8.357092189250816,1.2002046581731816,-228.49771,-51.46
1025,1025,Hufflepuff,Zackary,Freeman,1997-05-27,Right,70115.0,434.8512155228392,1.6734029687092398,-4.348512155228391,,-756.5180181060692,486.5746983111365,5.954196659862903,1070.2393805530614,8.997285159679524,-2.3895842004557544,-243.26767,-41.96
1026,1026,Ravenclaw,Irma,Shanahan,1998-05-02,Right,52024.0,-430.2385238605564,5.477540755902332,4.302385238605564,6.202999999999999,240.348757974326,598.9640884148349,6.744018192136034,1047.6118456978634,8.150685274361841,-0.8608135523548368,-230.38779,-10.81
1027,1027,Hufflepuff,Renate,Michael,2001-09-21,Left,86459.0,139.1462792576635,5.374711608161455,-1.3914627925766352,4.332,-531.3152090881547,396.0755130585658,5.039300147271638,1059.853729361423,2.1261568845287604,0.3416590126399471,-243.64453,-74.01
1029,1029,Hufflepuff,Salvador,Bills,2000-07-18,Left,59241.0,337.9486389121504,7.698502068496468,-3.379486389121504,4.816,-637.4277061596969,382.4032448738001,8.475102756183205,1054.460884582363,5.6019866258487285,0.7598506541539957,-241.28357000000003,-46.3
1031,1031,Hufflepuff,Duncan,Ellington,2000-09-07,Left,57854.0,516.7885592937241,4.787600552508088,-5.1678855929372425,5.276,-531.7085355491777,340.65908405482054,4.125654681018172,1063.0138318887314,2.167981421250681,0.9079971131030125,-245.82733,-46.2
1032,1032,Ravenclaw,Allene,Lister,2000-08-30,Right,16119.0,-432.9999004001932,6.440442473092919,4.329999004001931,4.532,331.9140281835284,580.9558864293454,5.836217025515444,1056.5912955013982,10.003583155565668,-1.1283345081592868,-229.24551,41.89
1034,1034,Slytherin,Gil,Flowers,1997-04-26,Left,35760.0,-561.9179993188217,-1.2979662640028096,5.619179993188214,-3.957,-595.2687551257286,409.2387639463169,3.4921550757454423,1046.302109200073,8.05922885135039,-2.973104146560168,-246.27332,-7.77
1035,1035,Gryffindor,Clifford,Cleary,2001-01-16,Left,71005.0,510.2005413392379,-2.5036029768478154,-5.102005413392379,5.439,-646.7444747553894,660.4725927629478,-7.375741052529992,953.5782839731066,2.119417938949149,-0.5527386350801121,-252.5808,234.26
1036,1036,Ravenclaw,Tyrell,Seely,2000-10-11,Left,66041.0,-413.3502933505077,6.213905014320656,4.133502933505077,5.142,403.38300452186064,581.4930545805289,5.159439836655297,1034.877862450079,4.504157636305292,1.0245354264265754,-232.32374,-11.51
1037,1037,Slytherin,Casey,Huynh,1999-08-04,Right,,-528.7860451316742,-7.247682494434215,5.287860451316742,-3.051,-322.729269530069,441.9167339929553,6.98496235719441,1041.0358230589322,12.175410663217988,0.3057418810688405,-247.09201,-75.32
1038,1038,Hufflepuff,Randy,Prather,2000-09-13,Left,48268.0,626.8601054915582,2.738231673679836,-6.268601054915584,5.121,-474.700947447672,408.0496419874004,2.280767695158973,1054.8015661909485,4.6579995229669295,0.1716814210689876,-247.28202,12.49
1039,1039,Gryffindor,Latricia,Townes,1997-05-27,Left,35459.0,581.7794145092156,-6.168090055445332,-5.817794145092156,3.2710000000000004,,573.1964144224569,-5.641967528996817,926.8350628874696,3.003586235426289,0.5408107745101165,-256.37382,234.59
1040,1040,Ravenclaw,Rachael,Bullard,1997-02-25,Right,,-317.04031631617664,2.7275214114570887,3.1704031631617657,5.435,419.9005694931183,618.5679465532112,5.587186969463255,1061.1437630490077,12.430912590157742,1.9246075111855965,-230.96117,33.45
1041,1041,Slytherin,Johnnie,Swanson,2001-07-21,Left,29775.0,-530.7150491578855,-6.233840059083684,5.307150491578857,-4.783,-205.921944769178,439.41231172708825,3.808278978466888,1053.5721276557902,11.062255371004609,-0.178233953375475,-248.2714,-40.08
1045,1045,Gryffindor,Rodrick,Lemons,2001-03-15,Right,42075.0,814.0571752452291,-3.3733994614845297,-8.140571752452292,5.012,-599.1452454270283,649.4006025419069,-5.139611346240264,948.4760114135228,6.196535321725513,0.985468034401638,-253.6724,257.42
1046,1046,Hufflepuff,Carlo,Werner,2001-04-03,Left,38965.0,,5.314813600952619,-5.766805553492046,5.772,-490.06259359901367,395.5192233304736,4.239151152684313,1048.008821781959,4.579970613364827,0.2352331913622161,-243.8971,16.81
1047,1047,Ravenclaw,Lourdes,Musselman,2000-10-11,Right,69832.0,-444.67332698697913,5.713694029818678,4.446733269869792,5.8660000000000005,410.83031303821775,611.4247796167398,4.3864314473086585,1050.1691744865498,5.517142851324903,0.5799039136006011,-231.59138,-13.49
1048,1048,Ravenclaw,Garland,Bueno,2001-03-10,Left,70638.0,-419.1724330104423,6.603467303376638,4.191724330104424,6.651,652.8653827659327,622.5097563508136,4.275102509588135,1058.865255730253,5.081581996734982,0.3994202270981469,-229.8442,-22.85
1049,1049,Ravenclaw,Clayton,Graham,1998-02-07,Right,65733.0,-643.125632895252,6.2318879138630034,6.4312563289525215,4.651,549.8680656403408,635.3000840356913,4.000128977739074,1035.0236603564224,5.005160197989095,0.0544123435887675,-230.07502,10.88
1050,1050,Slytherin,Helene,Bergeron,1997-01-04,Left,52563.0,-442.6317955414637,-4.050676880839021,4.426317955414636,-5.007,,395.85341689844887,5.378910732175538,1046.5905014866564,9.476154064758257,-0.0010468312508667,-250.26927,-62.93
1051,1051,Gryffindor,Abbie,Kiefer,2000-10-31,Left,70132.0,303.3479292344932,-4.908378450300521,-3.033479292344931,3.91,-718.8552193042792,629.0921480025603,-7.4028238054742035,935.2461156241208,0.6801511102438504,-0.6548361570010061,-254.42608,218.37
1052,1052,Hufflepuff,Daniela,Crane,1998-08-04,Right,34855.0,510.8382414654319,7.496103263396463,-5.108382414654318,2.991,-600.3791007681434,408.324215245421,5.407777810414999,1046.220037749028,7.11151279104476,-0.281826993606557,-243.64979,48.74
1054,1054,Ravenclaw,Ramiro,Nixon,1998-01-25,Right,23279.0,-500.64841302694407,2.8644097621302382,5.006484130269442,4.419,285.89319408692614,558.838579717406,4.141368458708028,1048.3062536673378,7.8034654670862516,-1.5092751597344376,-232.53193,19.69
1055,1055,Gryffindor,Kelli,Peeler,1997-09-18,Right,59532.0,150.10579655246653,-7.435714995252951,-1.5010579655246654,3.298,-390.57949255606377,608.727631543417,-3.355175571721391,968.684505690148,4.914490917635646,-0.6417049769922835,-252.08512,123.0
1057,1057,Ravenclaw,Tameka,Cooney,2000-05-15,Right,29265.0,-373.4077469995862,5.601658935263927,3.734077469995861,5.191,662.5321452114806,562.2597830878199,4.281893078756392,1066.6475826592696,6.919117111691098,0.0497719218180068,-230.32554,0.86
1059,1059,Ravenclaw,Kendrick,Cate,1999-03-05,Left,75882.0,-602.2249174542471,5.122844041792384,6.022249174542472,5.122000000000001,,660.8160424368133,7.313975004096942,1047.1152103298136,8.568901808940161,-2.8805053076319336,-229.47054,-41.21
1060,1060,Ravenclaw,Wallace,Holm,1999-07-06,Right,58910.0,-494.8433338578994,4.824007280895547,4.948433338578995,4.515,540.0678459586071,623.971480099049,6.0592151711502735,1047.0123795706345,8.15376406803193,0.5495501171335357,-231.1371,-15.16
1061,1061,Gryffindor,Alda,Ocampo,1998-03-03,Right,36653.0,438.39989233314566,-6.594894277302171,-4.383998923331457,4.566,-421.0976997036199,597.329744189879,-3.4198501648559736,948.1680287906552,4.8398875767780165,-0.7298000738959234,-252.28874,177.31
1067,1067,Gryffindor,Mamie,Hightower,1997-12-28,Left,64197.0,849.1318777579103,-0.4183538039460535,-8.491318777579103,6.5820000000000025,-442.00182192280334,689.6572057803877,-7.429914876640966,955.8738141999048,3.2760671462341624,-2.3871814853819697,-251.91111,270.27
1068,1068,Hufflepuff,June,Lenz,2000-10-01,Left,26800.0,714.6590801155023,3.503167128843863,-7.146590801155022,6.106,-518.1704389188069,398.49059638175913,5.83780112765393,1051.8986211187505,7.7473313067154095,1.3554368810812925,-244.6005,10.47
1069,1069,Ravenclaw,Eddie,Reeve,1998-04-04,Left,44565.0,-683.9674067821406,2.9298980312568474,,4.209,363.57332318466825,627.6412132289937,5.676711896363161,1046.4535357493912,9.512092440071276,-0.3898613716645667,-230.67934,-0.67
1070,1070,Hufflepuff,Jaclyn,Salter,2001-03-14,Left,42957.0,578.2199945019175,5.696834327833399,-5.782199945019175,3.469,-524.3946910231149,328.5446156481811,9.823889036972227,1053.751231978354,7.03872419907221,-0.1287047247336417,-244.65275,-64.56
1071,1071,Slytherin,Vilma,Cummings,2001-05-15,Right,53435.0,-495.9786635806921,-6.484531499026509,4.959786635806921,-5.869,-558.6880173146984,372.53478423352544,5.192386920006473,,10.432891423139942,0.3819658702623201,-251.92038,-105.86
1072,1072,Hufflepuff,Chas,Birch,1999-10-01,Left,56746.0,462.28297057231873,4.615926843360809,-4.622829705723187,5.263,-387.3165899185773,337.6545036593012,6.066305321522537,1051.8689588551954,2.2497229674275587,-1.2785913786002647,-244.63686,-68.62
1075,1075,Slytherin,Theodore,Fields,1998-02-08,Left,18478.0,-669.8261435357049,-2.668746721700852,6.698261435357049,-3.6010000000000004,-633.9993419588836,394.5918893891744,4.0963579764372335,1068.8577229777632,10.315984837012524,-0.4610020349422876,-244.66504,-26.41
1076,1076,Ravenclaw,Rodolfo,Christiansen,2000-09-18,Right,71651.0,-645.2992402349007,4.476663409688238,6.452992402349008,5.404,751.4630243179939,671.6214247747655,6.826083337255215,1046.0510866372592,8.279370283691204,0.0208173474005813,-228.70425,-40.45
1078,1078,Slytherin,Joseph,Hendrix,2001-08-03,Right,76947.0,418.9276474237245,8.412012190303154,-4.1892764742372455,4.765,,379.581722124364,2.097497400996604,1053.4466099347806,-0.4462063032919219,0.8082689994226707,-244.64943,-3.7
1080,1080,Ravenclaw,Ramiro,Bergeron,2000-04-09,Right,65226.0,-185.5585457632492,7.0793515559089455,1.855585457632492,8.304,524.0892224717896,592.3140383820844,5.1559460046381655,1064.1902850021872,5.307126707979154,0.7280698428287768,-230.22412000000003,-30.0
1082,1082,Slytherin,Bridget,Briseno,1998-01-31,Left,40968.0,-563.3530990286843,-2.459954901683356,5.633530990286842,-3.292,-523.7699943837865,420.84432452137946,5.59616634910053,1025.9968218839258,8.206951745728519,-0.3205937457693941,-246.02852,-30.89
1084,1084,Gryffindor,Sydney,Plummer,1998-12-21,Left,29087.0,541.6613426855222,-1.7589427927166326,-5.416613426855222,10.032,-520.9453754830906,558.3110504470146,-6.395423444339527,960.702289476338,-1.1671049910605924,-0.5774089095376884,-247.1138,205.18
1085,1085,Gryffindor,Barb,Schulte,1997-11-27,Right,68734.0,678.7937510426831,-2.668276130934694,-6.787937510426831,5.851,-657.3255685802685,629.9832291604862,-5.910240549741559,952.9241201875074,2.4205947534801084,-0.0621184381381503,-253.57815,213.76
1086,1086,Hufflepuff,Mitch,Espinal,1998-06-14,Right,52245.0,323.8610343597706,5.984707980561067,-3.2386103435977067,5.093,-528.0063371209942,461.6550675878611,7.931498364960277,1038.1511497459303,7.959857059739482,-1.3669343559368068,-240.70602,-0.94
1088,1088,Gryffindor,Grady,Pollard,2001-08-05,Left,68486.0,466.8437114650925,-6.189062568297291,-4.668437114650925,2.651,-735.277441741479,620.178154029839,-6.222268521955964,918.2298003546266,1.82750728736345,0.1392714799218649,-257.49466,222.01
1090,1090,Ravenclaw,Fredric,Carlin,1997-10-03,Right,57750.0,-534.6718399481708,4.698093812219663,5.346718399481709,5.459,542.351343620079,575.5754730388662,5.881152269776816,1057.5122540692266,6.095004623538343,0.9800450464155914,-230.64057000000005,-49.68
1091,1091,Hufflepuff,Minnie,Alfred,2001-01-28,Right,49744.0,508.23984234951934,3.614779561042447,,5.134,-665.7684045867279,428.97432763168746,4.089785497847418,1063.0241078117126,7.171254384542412,-0.2081570329146788,-245.22136,7.17
1092,1092,Hufflepuff,Vernon,Stowe,1997-09-21,Right,36102.0,387.53964188950266,3.4667838320553312,-3.8753964188950265,2.964,-180.7381432492173,445.9189792354752,5.223154660481477,1021.9454504444124,6.398251769305682,-0.5087875153636989,-244.14563,29.98
1094,1094,Hufflepuff,Annamarie,Lehman,1999-02-07,Right,51460.0,326.90697192445623,9.942055511038648,-3.2690697192445626,2.372,-550.0466095607329,372.77925452881175,3.0047665023160697,1045.3328454211485,1.6426198528992153,0.2727489074922768,-243.28489,41.55
1095,1095,Hufflepuff,Britt,Cordova,1997-11-15,Right,48764.0,593.5656830975912,8.539849196531446,-5.935656830975912,3.1830000000000003,-444.9468664015728,403.4747826912923,6.932683765505511,1031.7290590016532,5.621568178015216,-0.1436773011369926,-243.73952000000003,24.23
1096,1096,Ravenclaw,Larry,Grimes,2001-09-01,Left,55963.0,-403.3591937997449,5.050619321199531,4.033591937997448,5.949,538.3578017433172,646.4913964473318,3.603249496571313,1062.204113741691,7.973245494090091,1.4984400399008002,-230.76168,12.61
1098,1098,Ravenclaw,Mina,Ridgeway,2000-08-17,Left,86622.0,529.6204099637093,,-5.296204099637094,,-787.3529626412601,669.6374760447687,-7.4311669824749504,954.9756228703984,2.5835850517201657,0.8570319279629859,-254.67353,230.37
1099,1099,Hufflepuff,Samual,Beasley,1999-03-15,Right,80286.0,354.4488776913504,5.321764350911588,-3.5444887769135027,6.351,-760.6744286338559,392.24522497225433,2.1426641249430034,1076.3527987159682,,-0.2537557362864559,-244.8755,-38.7
1100,1100,Slytherin,Shawna,Lucero,1998-08-06,Left,46652.0,-444.8022269611946,-4.70182784108218,4.448022269611946,-7.2010000000000005,-417.55176146170686,405.7195112274292,2.8625412495985234,1060.5131338147958,10.068316042278674,-0.3322986946488477,-252.06729,-38.23
1101,1101,Gryffindor,Cassie,Ornelas,1997-05-02,Right,56450.0,372.5138514799468,-4.078957064728908,-3.7251385147994687,6.912999999999999,-504.4556293007719,583.1475648834921,-5.553246504973006,958.3127832895916,0.1526837287368816,-0.7628502067693207,-250.46407,164.33
1102,1102,Ravenclaw,Wendell,Oliver,1997-06-02,Left,36017.0,-340.78915509382074,3.258838954226742,3.407891550938208,5.6670000000000025,519.6499276795979,546.171597704195,6.988472352849276,1078.6234937225863,9.367009010456671,-0.6310046381136418,-231.45268,-60.1
1103,1103,Ravenclaw,Preston,Foltz,1997-01-16,Right,30256.0,-498.4793206354821,5.329250342270762,4.984793206354821,4.6110000000000015,340.3675070215716,582.4939554176815,5.369517098173269,1052.7435805245425,8.570619544330382,0.1147191538318516,-230.31067,19.41
1106,1106,Hufflepuff,Ruth,Sowell,1997-06-30,Right,80424.0,277.1461364074432,6.215786006859182,-2.7714613640744314,3.337,-563.0359196972155,311.9260923001503,7.031320952287596,1066.93296522225,1.6911649949614,-0.0917374739491811,-245.13986,-112.66
1107,1107,Hufflepuff,Alejandro,Gilson,2001-09-28,Left,32999.0,670.5475357921506,5.5310173653761385,-6.7054753579215065,4.529,-541.7591467261582,427.2737274691647,4.240065304569715,1045.615388177736,7.241918599514455,-0.4999438851154227,-244.88975,56.25
1109,1109,Hufflepuff,Roxann,Schuster,2000-07-09,Left,58085.0,574.484673669768,9.441353042739044,-5.74484673669768,3.176,,385.2473748386121,3.618599378260375,1035.676388386677,1.7138901172086896,,-244.83614,36.31
1110,1110,Hufflepuff,Jordan,Downes,1999-05-19,Left,37018.0,644.5315716452387,5.374670831045327,-6.445315716452388,4.343999999999999,-325.902723998486,327.6896556508358,10.689045769989487,1038.8431700888173,6.3546013938425885,-0.1825952339490413,-243.87386,-68.69
1111,1111,Slytherin,Charlie,Hyland,2001-02-08,Right,44794.0,-543.1222275240016,-8.098394612355241,5.431222275240017,-5.103,-768.675983913934,336.67060973529027,8.592193567118981,1080.7726551093376,13.128080375334926,-0.4856312695191473,-251.04789,-158.91
1115,1115,Hufflepuff,Andria,Crowe,2000-09-16,Left,65186.0,268.14595883873346,5.84398529743739,-2.6814595883873347,5.126,-697.1033783558922,427.6467836329954,5.41406659001235,1061.8436947459563,5.656970556643323,-0.2074075708971208,-242.39369,-21.29
1117,1117,Hufflepuff,Odessa,Melancon,1998-05-26,Right,43082.0,639.3664378042603,2.61675145542454,-6.393664378042601,6.209,-502.46390205326753,463.9183051467133,4.169402114011601,1047.5429992450515,7.8520040997355425,-1.9769617232971683,-245.06447000000003,28.78
1119,1119,Ravenclaw,Ellis,Hooker,1999-11-18,Left,50125.0,-358.5138932914829,5.508758634942543,3.585138932914828,5.012,543.0213782195249,563.4946327999182,4.291353574439609,1045.2208878040694,4.826212008937118,1.2290367287587276,-232.45789,-5.59
1120,1120,Gryffindor,Cori,Royer,1999-09-27,Right,48056.0,351.3330730279649,-6.863084291557968,-3.5133307302796486,3.533,-492.35760312166497,585.6810560767573,-5.089860354186827,935.036639180494,2.1396174547770057,0.3814726052917676,-254.32856,184.29
1121,1121,Ravenclaw,Raymon,Frazer,1997-10-10,Right,33196.0,-379.7072491112845,5.007685512139741,3.797072491112845,5.591,457.6933204540464,645.1279050976551,6.76230682654924,1064.269161107592,12.327688766014647,-0.5060061680781516,-229.04353,16.92
1122,1122,Slytherin,Liz,Oswalt,2000-05-09,Right,53014.0,-536.8835076039637,-4.587300762914022,5.3688350760396375,,-608.396061915173,336.7813889165632,4.491583749129432,1068.1477932366863,8.727331719307639,0.2895856770857141,-252.50224,-94.19
1125,1125,Gryffindor,Lawrence,Johnson,1999-10-31,Right,77257.0,534.7103880700055,-3.649919900002279,-5.347103880700055,3.557,-944.5888986797544,645.9827462913884,-7.248212055516731,943.067345200007,2.8288757339325725,-0.9424319544988564,-256.35784,242.13
1127,1127,Gryffindor,Stacia,Dietrich,2000-02-21,Left,51691.0,645.842699622302,-4.123648660789591,-6.458426996223018,,-224.0769352357396,621.4372035393072,-5.343235407136482,944.6982741952352,2.2204727742381234,2.1954547323302114,-252.51339,201.29
1128,1128,Slytherin,Wilbert,Cochrane,1997-06-02,Right,62574.0,-481.9858271349269,-5.076204042314799,4.819858271349268,-5.207000000000002,-288.9958054641695,441.27364995110565,5.13458027503945,1015.8103868240796,7.9520662767965105,-0.5451839821483639,-250.505,-55.18
1129,1129,Hufflepuff,Granville,Watson,1997-10-30,Right,73277.0,499.11752465390913,4.1260426292283885,-4.991175246539092,4.39,-474.2153002062652,401.58619205266126,3.537260970396314,1055.8106385278904,3.2654712158697365,1.2898482677559604,-246.98415,-30.82
1130,1130,Slytherin,Kenny,Bearden,1998-06-28,Left,51395.0,-456.4516309028664,-2.508170519713654,4.564516309028664,-6.449,-477.1897373488694,406.6890350351676,3.7673558392335806,1034.7086985580663,8.036839122612056,-1.65043886858378,-250.56577,-22.28
1132,1132,Hufflepuff,Jo,Sheffield,1997-12-02,Left,44987.0,584.815363588172,2.9493868860331687,-5.84815363588172,7.286,-742.9464573208003,391.9583532190272,7.726492596484707,1072.6678625385914,,-0.2092657993402244,-243.58068,-54.09
1135,1135,Gryffindor,Abigail,Lindberg,2001-07-21,Left,55939.0,579.1033041013576,-2.296434949514701,-5.791033041013576,6.7929999999999975,-88.81237061313135,676.6492790836986,-4.8773502730060585,985.5389117587638,5.293230295206953,0.7137445369353365,-248.12519,186.3
1138,1138,Ravenclaw,Claire,Mcgee,1997-01-05,Left,72625.0,-292.4262206646833,3.5880650096335875,2.9242622066468336,7.811,728.9543469787822,667.3650177491969,6.0432454826063005,1066.4953008859732,8.956329397964002,0.0708650102884131,-230.38658,-50.09
1140,1140,Hufflepuff,Carrie,Mann,1999-11-09,Left,57978.0,593.2236718619296,5.634588780763577,-5.932236718619295,5.488,-561.0708716016063,428.4828783574897,4.5433025677146,1050.4219780134706,5.409994649000559,-0.1015981743645116,-244.68908,10.14
1141,1141,Gryffindor,Holly,Berman,1999-06-23,Right,66190.0,472.8899828829679,-4.038700540087604,-4.728899828829679,5.782,-549.8299546085947,587.1226585820635,-6.192850360534019,945.204899999878,-0.51511588961043,0.6937008153066605,-253.2036,180.79
1142,1142,Slytherin,Leonard,Gaither,1997-04-28,Right,55745.0,-296.48479898979843,-7.603556915966211,2.9648479898979843,-7.228,-598.3324978220103,385.6795369390843,4.801351254357023,1084.4516497682396,13.294426849736992,-1.7824940588424285,-255.227,-98.85
1143,1143,Hufflepuff,Laverne,Conklin,1997-05-15,Right,33672.0,,8.750045389466653,-5.985374229988516,3.241,-329.38483845214444,368.8325865843425,3.1043265488229785,1029.5448876618484,1.8773341570032247,1.6531434706946615,-244.34869,62.72
1144,1144,Ravenclaw,Russell,Finney,1997-05-23,Left,34283.0,-342.8812704834451,6.9087706001643525,3.428812704834451,6.579,457.8298802140444,577.9260934866733,2.8497470894757204,1046.470991437791,4.6503809344462095,-0.1539781633522862,-230.10206,43.07
1145,1145,Slytherin,Freddie,Bower,1999-01-13,Right,71429.0,-353.10034092590536,-6.9563353022920085,3.531003409259053,-6.428,-377.52231395997336,420.87752395878687,4.439096023183378,1046.0708573664754,9.694078393251583,-0.4820725362914324,-254.39264,-86.9
1146,1146,Gryffindor,Hans,Bess,1998-05-08,Left,42606.0,692.496135226776,-3.770633931584956,,5.064,-503.4052238710389,631.645136550064,-5.834233831311049,946.5340415512766,4.1729610796712295,0.9137188857346208,-253.19751,242.96
1147,1147,Gryffindor,Lidia,Silvers,1997-02-18,Left,36631.0,495.7888766407331,-6.312947852893555,-4.957888766407331,5.2010000000000005,-321.62311185983737,574.3059001123361,-3.846563999765,939.0649114485768,2.4965335028381253,0.5338725471557569,-252.48831,172.98
1149,1149,Slytherin,Loretta,Gilmer,2000-09-03,Right,72599.0,-371.4129541466371,-4.932471789539196,3.71412954146637,-4.002,-222.72846995566465,467.7306238546975,4.04690203213503,1011.2812816972652,,0.2972135793565253,-250.88995,-45.31
1150,1150,Slytherin,Henrietta,Rhyne,1999-11-29,Left,28203.0,-657.2820158846292,-7.1216879318893564,6.572820158846294,-4.97,-633.2798164668644,367.2577786634355,7.287301301222677,1075.8767976601582,13.16220023864356,-1.3025682896365447,-248.25433,-111.57
1153,1153,Gryffindor,Geri,Shields,1998-09-03,Right,67239.0,585.4283951214118,-4.102768506052628,-5.854283951214117,3.532,-935.6573540538568,596.3349106209042,-7.90915430790133,926.2226676007376,0.1822532757488231,2.086920361448996,-257.70969,248.57
1154,1154,Gryffindor,Darwin,Watson,1998-10-23,Left,41830.0,429.6151831826984,-5.8755459123850455,-4.296151831826983,4.5760000000000005,-724.5194401797328,552.231491358456,-5.422822432944588,939.5509461453688,1.3393588577356628,-0.7837020621857956,-254.27238,193.6
1155,1155,Gryffindor,Cori,Trask,2000-11-05,Left,42810.0,300.4655394166693,-4.204976874834862,-3.0046553941666927,7.457999999999997,-104.39666221363208,596.0415647890637,-5.30246328088352,969.5196278888892,0.7462587219261541,1.3172836504200944,-247.33091,152.18
1156,1156,Ravenclaw,Cary,Mcintire,1998-08-05,Right,60761.0,-708.5235848711591,5.470937897304497,7.085235848711591,4.044,587.5846429110121,606.3666709105947,5.180588977073105,1063.9662554833951,6.8980830506702056,0.909135027436756,-229.59278,-34.59
1157,1157,Hufflepuff,Sylvia,Kirk,2000-05-10,Left,49586.0,607.822456594139,5.672210816615928,-6.0782245659413885,5.2170000000000005,-489.2266020500783,387.5135920847074,2.865472491704007,1051.382368614111,3.063559969255872,-0.6504769709602701,-245.50112,16.22
1158,1158,Slytherin,Jamey,Irish,1999-07-19,Left,46352.0,-647.8123903474927,-5.3583952573217575,6.478123903474928,-4.6110000000000015,-667.105223379222,348.53520024264475,8.040279796677874,1048.313384006617,9.510015903012064,-1.064687730549538,-248.55213,-121.99
1159,1159,Gryffindor,Max,Craft,1996-11-30,Left,35454.0,791.2177059609317,-2.277290340098573,-7.912177059609318,6.6720000000000015,-682.6432680651436,621.72683904359,-6.570257807269403,941.9619996512018,3.0649247330502862,-0.92063240462588,-252.35017,273.96
1161,1161,Slytherin,Man,Sepulveda,1999-03-01,Right,56756.0,-510.8055259145961,-5.337187155864802,5.10805525914596,-5.279,-552.1124182800019,384.3827900039908,5.783428022209848,1047.7264761584718,9.148468487172948,-1.2217593364950778,-250.80318,-92.24
1162,1162,Gryffindor,Dewey,Forrest,1999-06-14,Right,38242.0,555.0063396912079,-6.158544615155725,-5.550063396912079,4.897,-590.2502204025783,567.4298749105095,-3.516637477827186,944.8313185697892,3.8215092023639214,1.302688358680146,-253.73418,179.04
1163,1163,Hufflepuff,Ronda,Jamison,1999-07-04,Left,39515.0,613.1339546060368,3.5363484530233347,,5.782,-617.4360328113519,369.7237796745099,3.1775915532199246,1066.2890222560256,4.786786220383826,,-246.0371,-2.1
1164,1164,Ravenclaw,Nola,Hawkins,1999-02-16,Left,52441.0,-513.4299866657241,4.6692128482294,5.134299866657241,4.95,423.5183419162002,603.5352548776592,4.146638043963018,1049.6901233532303,6.623329450650334,-1.4532109189513185,-231.56717000000003,2.67
1165,1165,Hufflepuff,Leone,Moya,1997-10-03,Right,76154.0,340.33071870602123,2.271546406859413,-3.4033071870602125,6.2970000000000015,-457.7192703071953,374.1483573622188,10.165756172687374,1059.5501357669568,5.771522344884668,-0.2315592944320488,-243.43874,-145.59
1166,1166,Ravenclaw,Dino,Darby,1999-09-15,Right,83968.0,-486.3374893030373,6.103220258537752,4.863374893030374,6.6320000000000014,656.3354203043846,671.7224514587123,4.123705146492293,1026.1717128767511,4.084778559310863,,-230.28178,-0.07
1167,1167,Ravenclaw,Shanna,Pipkin,2001-02-27,Left,57091.0,-578.8621248258312,3.749009773103922,5.788621248258313,3.713,473.4581446921368,577.9148592097184,3.370725893136884,1038.9607299600525,4.549805406089222,-0.0343579679294369,-233.51402,-6.84
1169,1169,Hufflepuff,Doris,Casey,2001-10-26,Left,55449.0,424.0642844908741,5.221414523416375,-4.240642844908741,3.946,-264.0388425046445,451.6491658130319,2.1220024394577925,1029.665935731322,3.0104318747953283,-1.400180185563492,-244.77377,44.66
1171,1171,Hufflepuff,Houston,Mills,2000-06-16,Right,60487.0,358.17592921243863,5.3913768667786535,-3.5817592921243864,3.938,-548.5824086021504,364.9743393316706,2.749920533792708,1061.9321067382064,2.0282485985728664,-0.3390348591621475,-245.53469,-19.67
1173,1173,Hufflepuff,Pearlie,Avila,1998-03-15,Right,73149.0,560.7452268146194,4.007449728822047,-5.607452268146193,5.285,-659.9887194743176,349.17758188081075,7.0221392607951305,1073.6083760494494,4.9640456316942325,-0.8661048879904825,-246.51152,-95.34
1174,1174,Ravenclaw,Candy,Gagne,1997-07-29,Right,45043.0,-490.9448550581882,3.1626550836216536,4.909448550581882,5.234,217.93862889333911,597.038068538461,3.869875517695589,1027.7944334791769,6.265067052169868,0.264215653970096,-233.09972,27.06
1175,1175,Ravenclaw,Evelyn,Beebe,1996-12-13,Right,50798.0,-378.0098103149662,5.9386019221727775,3.780098103149662,5.412000000000001,291.32760613211184,585.8174468835215,,1047.312300470106,7.169587597158621,-0.4527954136714215,-231.54736,2.54
1176,1176,Hufflepuff,Elma,Hamlin,1997-10-08,Left,55696.0,496.1828615285049,5.887822552794202,-4.961828615285049,5.118,-590.8899546843993,401.7253781341812,5.0090296101888185,1054.9371448025945,4.927521498260714,0.8401360802240724,-244.09586,-6.84
1178,1178,Hufflepuff,Georgiana,James,1999-08-20,Right,47295.0,564.4628655698991,5.072149679561264,-5.644628655698991,6.3020000000000005,-592.0096794327146,405.29919839175375,5.742427162518133,1055.0466530606373,5.994155107311242,-0.5767815015693485,-243.45882000000003,-8.95
1179,1179,Slytherin,Carole,Thomas,1998-11-08,Left,30403.0,-601.4712007068542,-3.2200199110382504,6.014712007068543,-2.681,-667.35474979365,402.5162992920961,7.513773700103017,1037.10437912888,10.364407548145584,-0.3538205043826835,-244.84361,-54.35
1182,1182,Hufflepuff,Tamela,Settle,1997-04-12,Right,84208.0,156.12316467691514,4.340779838527446,-1.5612316467691514,3.023,-626.9356428689042,417.6398194100897,6.166250809718449,1065.2004515444569,5.624784922441647,0.5884103638811112,-244.74843,-70.21
1183,1183,Slytherin,Johnathon,Faison,1999-07-21,Left,81275.0,-330.54707174168857,-6.394825879465118,3.3054707174168856,-8.727,-465.0462727519392,370.1073276731136,1.6538400949043388,1076.2125284019694,8.146059256787407,-0.1489260862313641,-257.95831,-97.47
1184,1184,Hufflepuff,Sal,Alston,1997-06-19,Left,39521.0,622.6877428113496,3.0743457157379974,-6.2268774281134975,4.42,-320.0371228782,378.0453367018383,4.048976644723388,1043.780693998307,4.3579971860907945,0.0133600690573907,-246.71401,-2.52
1186,1186,Gryffindor,Lorri,Muir,1999-11-27,Left,50884.0,293.30157211919413,-8.241604458174661,-2.933015721191941,2.938,-402.2990560799776,580.8544170830236,-4.089372568509379,930.491651481286,2.3934987614530105,-0.1223324293642616,-254.89564,157.8
1188,1188,Hufflepuff,Alana,Mccauley,1999-12-30,Left,48455.0,576.0483224606387,6.690320209322777,-5.760483224606388,3.437,-383.1979459557698,349.9146039493916,2.614660130560039,1044.3123438753892,1.1786696597976865,0.027862521110902,-246.41935,15.36
1190,1190,Slytherin,Miguel,Dejesus,1998-05-17,Left,57334.0,-574.8220611218287,-5.176573265089827,5.748220611218289,-3.043,-493.9787607587989,398.8402376014467,5.562087384493752,1041.0093750410017,7.542451056664506,1.3423405053615507,-248.32012000000003,-94.88
1191,1191,Hufflepuff,Juli,Loftin,2001-06-28,Left,43128.0,403.4436926500064,-5.9589270962703935,-4.034436926500064,4.323,-555.4306139886417,586.5526123524454,-5.007613697638749,950.4613106386972,3.211845085316558,-1.4792488958492638,-253.15488,187.96
1192,1192,Ravenclaw,Herman,Perea,1998-10-21,Right,34878.0,-327.98478520504415,6.706227932404183,3.279847852050442,6.375,336.1092261509778,613.3090858255032,5.484752252705679,1047.0895094039556,,1.2060013428691334,-229.39894,39.43
1193,1193,Gryffindor,Venus,Wenger,2001-06-15,Right,29476.0,376.2171881720822,-6.509222224839134,-3.762171881720822,,-593.7876269697489,560.0386657716324,-4.999965678190052,945.1238515712232,2.8139669864517325,0.66610102207857,-252.99809,193.88
1194,1194,Ravenclaw,Louie,Duff,2000-04-04,Right,78219.0,-517.7638733386278,4.38496863285947,5.177638733386278,4.908,391.787221740334,615.6517306341999,4.098155765385139,1023.4200604693408,3.975167842144562,0.940356714393074,-233.57074,-8.57
1195,1195,Gryffindor,Damian,Collins,1998-01-06,Right,29531.0,626.9093575014413,-4.7009321634883845,-6.269093575014413,6.447,-232.660054821162,590.0222755233126,-3.594606313735772,959.1884717234371,4.123805516841523,-0.3246256046492373,-250.34329,180.45
1200,1200,Slytherin,Alvaro,Gore,2000-02-21,Left,83033.0,-363.120603673548,-4.512997712428875,3.631206036735479,-6.484,-380.8286116386472,422.2382031143935,3.3831200331372773,1025.7579085480882,6.3523232928036295,0.8332851754966447,-254.22071,-61.65
1201,1201,Hufflepuff,Sierra,Mcclendon,1997-02-08,Left,61371.0,276.0650111615329,5.005769907214048,-2.7606501116153286,5.989,-459.1080754185549,418.43126257981726,7.372402662582236,1044.3875813809532,4.929131689386789,-0.50302859700632,-241.26059,-49.46
1202,1202,Hufflepuff,Adelaida,Faber,1997-06-30,Right,41094.0,463.1554699070179,5.6630360626212015,-4.631554699070179,5.643,-503.78116333132937,409.39978046859255,3.3182390358249774,1047.5307060495336,3.970354842885412,1.8309965345690409,-243.13422000000003,28.46
1206,1206,Ravenclaw,Jack,Hulsey,2001-08-15,Right,32022.0,-406.4552742058344,4.865080584933962,4.0645527420583445,4.94,237.48184029368264,604.4814860155624,6.419351267085937,1048.591531986719,10.453043761802084,0.7823478551475295,-230.84066,24.83
1207,1207,Slytherin,Hilary,Fort,1998-05-17,Left,68599.0,-332.3317698681793,-7.532830250687704,3.323317698681793,-7.644,-328.20518651612025,421.4898455456878,4.2411065947146325,1051.1954083409194,10.790232870144653,-1.136757157005713,-255.55859,-83.77
1208,1208,Slytherin,Morgan,Bunker,1997-02-20,Right,69288.0,-493.5468803369629,-5.999522787146767,4.93546880336963,-6.211,-454.3454373712429,376.18840038556,5.010692254462606,1045.614150274993,7.719662526861295,-1.8995389415525088,-252.97367000000003,-108.23
1209,1209,Gryffindor,Marquis,Mackenzie,1999-07-29,Right,61014.0,647.8519548696518,-6.678475819253802,-6.478519548696518,3.172,-486.9964320536095,564.1391608532707,-4.109080319713842,926.5818267787394,1.6879172111024827,1.2561652429569825,-257.77104,168.59
1210,1210,Hufflepuff,Aurora,Grimm,1998-06-06,Right,59744.0,415.5403095812309,7.428122780297677,-4.155403095812308,4.352,-522.5147416329991,415.810185513554,5.369094536534213,1043.59202140279,4.332949018771686,-0.278941288385214,-243.01625,5.39
1211,1211,Hufflepuff,Violeta,Bess,1997-02-17,Right,52380.0,453.88381994465607,8.0707074131636,-4.538838199446562,3.684,-333.6564453616893,390.96463663834834,0.7441380933501849,1033.770338820963,-0.3850595590362245,0.9849798168612062,-244.73597,55.37
1213,1213,Hufflepuff,Camille,Cowley,1997-06-19,Left,45334.0,523.5885462559287,5.3255693858931785,-5.235885462559287,4.273,-698.1529745644158,477.5052071653869,2.0014206810993143,1055.137248229683,7.6920835914827075,1.7346528526993117,-244.98615,80.46
1214,1214,Hufflepuff,Donnell,Hammons,2000-10-08,Right,52112.0,441.1676579131198,,-4.411676579131199,3.821,-357.2846336042272,349.5531220461173,-1.5168086175346946,1046.5820191890623,-2.6684852633493987,0.1458450759395166,-246.46714,41.17
1217,1217,Ravenclaw,Christa,Dunn,2001-05-27,Left,61943.0,-472.7201198656981,6.898846510994511,4.7272011986569815,5.858,582.0971705222428,620.2322369391757,6.030842265816302,1048.8309881223026,6.576090773395679,0.7194671738178378,-229.10443,-15.79
1218,1218,Ravenclaw,Kent,Soule,2000-04-07,Right,23865.0,-553.7210996266564,3.4690121044769087,5.5372109962665625,4.154,251.51066221116017,592.8125530749684,5.13376337971747,1046.8602646204242,9.721068464967518,0.0848142358691277,-231.24257000000003,31.14
1219,1219,Ravenclaw,Virgie,Lafleur,2000-08-31,Left,56899.0,-236.52566790228585,5.0353774671679545,2.3652566790228584,7.273,260.1941044955001,580.6752829126533,9.46206522340053,1062.792040481129,10.067692297985012,-0.952846159805636,-230.6949,-63.56
1220,1220,Slytherin,Jamar,Parr,1999-08-27,Left,69182.0,-354.49685597448274,-3.9288526326247606,3.544968559744828,-6.1720000000000015,-390.22217382155367,418.4646065434931,2.4565518284853383,1041.4865300372674,7.144739667669415,1.5360161919736623,-253.03832000000003,-42.87
1221,1221,Hufflepuff,Rosario,Sharpe,1998-09-30,Left,27353.0,646.1651176276484,2.3588340946718853,-6.461651176276484,4.87,-313.8874464589395,392.261525633013,5.029713759500627,1041.7166969397251,6.352898753215627,-0.4021365798020095,-245.78743,6.46
1222,1222,Slytherin,Erika,Bedford,1998-09-23,Left,82947.0,-298.1569469845353,-7.80238485222471,2.9815694698453528,-5.85,-298.8535327130918,442.6285900814125,8.306097603449167,1000.6896202062976,9.717223533867353,0.6556993819631077,-254.49946,-109.4
1223,1223,Gryffindor,Marianne,Frazer,1998-11-21,Right,71542.0,414.8577755386176,-3.55416380683258,-4.148577755386176,6.94,-362.26545888601873,594.784102659589,-6.0551398439838025,947.4751218401416,-1.8154187455447173,-1.9216806586795592,-251.18273,159.88
1224,1224,Hufflepuff,Thomas,Fredrickson,2000-11-26,Left,61034.0,371.7077026272131,5.9133016965237175,-3.7170770262721313,4.468999999999999,-637.7852729585289,389.7354109657233,7.503074078348831,1057.9235743980994,6.082025553751218,-0.5648050419951386,-243.20911,-46.57
1226,1226,Gryffindor,Dee,Faison,1999-07-15,Left,42253.0,458.3785442598664,-6.6630559872522985,-4.583785442598664,4.5710000000000015,-631.2686930035663,541.425350945355,-3.5464051920793165,949.0769652308884,2.797369175780425,0.2980358981546199,-254.12503,154.27
1229,1229,Slytherin,Kasey,Shelly,1999-12-18,Right,26817.0,-659.3421076030301,-6.681573626802497,6.5934210760303,-4.612,-512.6424624043893,380.7298598491758,6.134738800339933,1072.0923333067908,12.091634115262414,-0.4982923191202627,-247.60274,-94.2
1230,1230,Ravenclaw,Sofia,Mckay,2001-08-06,Right,63226.0,-429.1239287884269,7.344891705455869,4.2912392878842684,5.494,131.97839157465285,590.0587377820518,4.647158125289024,1024.3763354439027,4.336143867221414,0.0013506513241754,-231.95868,27.37
1232,1232,Gryffindor,Darryl,Matthew,2001-01-28,Left,60698.0,470.11887089019166,-5.164334045477509,-4.701188708901916,5.5470000000000015,-132.1994400396955,616.9408247172803,-3.4931193492824524,963.3682646230012,3.2778293052892726,-1.069742383803013,-251.06188,136.32
1233,1233,Hufflepuff,Deloris,Peachey,2001-05-15,Right,60213.0,438.9870201120729,6.81843470295922,-4.389870201120727,4.827,-483.60430581628685,400.8942576083167,4.893938400493345,1045.3980407593012,3.3167072985608166,0.1338535930030366,-243.49307,-6.24
1234,1234,Hufflepuff,Dennis,Passmore,2001-05-24,Left,41407.0,625.6640113961265,4.049630906264079,-6.256640113961265,7.62,-557.2035552142402,425.9171227831808,4.003928992640529,1053.2979418670263,5.589494322388608,-2.347333733919823,-243.50362,15.26
1235,1235,Hufflepuff,Dwight,Jamieson,1998-10-30,Right,32303.0,788.1177051514914,6.5251978431837685,,4.154,-481.6983604207419,400.6345188529753,3.243331076315763,1042.9832343988726,5.443214150997214,0.3445483013816916,-246.13148,66.7
1238,1238,Hufflepuff,Dwight,Bosley,1999-01-29,Left,82499.0,25.86766088304921,6.824788777419107,-0.2586766088304921,3.216,-690.0613730810628,421.4552535482572,2.9288345853108013,1063.8436387516394,2.4969614326488108,-0.6003294817530513,-243.15869,-20.39
1239,1239,Slytherin,Sonja,Gillespie,1997-08-11,Left,51060.0,-374.5161909359178,-8.930238481063581,3.7451619093591777,-4.838,-335.102714554412,443.0590923278257,6.270508302497845,1052.6548969584533,13.172913274850927,0.8561114543618793,-251.87001,-94.91
1243,1243,Ravenclaw,Alba,Pulido,1997-11-18,Right,68148.0,-443.5388175534152,,4.435388175534152,6.644,448.203746421842,612.7833542676592,1.5823657318835798,1037.2236611337291,2.9810732362759413,1.2503296539574322,-233.38625,5.25
1244,1244,Hufflepuff,Lester,Villegas,1997-08-12,Right,54725.0,502.58105146878233,1.6503981259562883,,8.86,-517.7310153072744,445.3539883186125,9.102568748306965,1052.3790483167877,8.55396180513639,-1.0151179446991363,-241.60078,-72.68
1246,1246,Ravenclaw,Leonard,Jude,1997-06-30,Left,51896.0,-637.5688086461298,3.5089661272492587,6.375688086461299,4.378,468.6002595094968,570.4574586978267,6.518352582808332,1055.5903571936285,7.363749184214733,2.211325605788025,-231.08758,-52.91
1247,1247,Ravenclaw,Jordon,Scribner,1997-01-19,Left,8168.0,-482.003331606366,4.520104282514471,4.82003331606366,4.468999999999999,642.3680133242846,,5.136587353353341,1093.3097668287644,11.703336859106557,-0.9400352901243834,-228.48187,4.57
1252,1252,Hufflepuff,Murray,Evans,1996-11-27,Left,27490.0,813.0632878604108,5.461871229193838,-8.130632878604107,5.011,-466.1214917823689,361.4712485091361,1.8117964969505964,1049.950769915252,3.3816619298077413,-0.4267393780633733,-246.94736,52.84
1253,1253,Hufflepuff,Lauri,Nieto,1998-03-19,Left,48017.0,530.9722434660815,2.741485709135787,-5.3097224346608165,7.0820000000000025,-814.5656329029581,411.5496493243264,6.307597410721727,1076.4410720682945,8.684715524996168,-1.1342062362161294,-243.92184,-36.54
1254,1254,Slytherin,Isabella,Smoot,1998-01-25,Left,58854.0,-544.1533439538051,-5.385198515068328,5.441533439538051,-5.4510000000000005,-665.018248772088,354.4084610599378,6.913839901011054,1050.841053317108,9.073407532916477,,-251.04936,-118.2
1256,1256,Ravenclaw,Ida,Leroy,1997-05-27,Left,38744.0,-360.9760665490488,9.489892165724845,3.609760665490489,6.119,376.6481516520594,589.2348977945853,3.580280057277456,1043.1738478478603,4.894103012123829,,-228.81387,60.16
1258,1258,Ravenclaw,Herlinda,Thornburg,1999-07-24,Left,43118.0,-514.19222465771,5.078558560950138,5.1419222465770975,5.075,,561.810868541234,5.217641246345647,1058.6443494284483,5.696484275682219,-0.0966242491425213,-230.02115,-34.52
1259,1259,Gryffindor,Darrin,Lees,2001-10-20,Right,48662.0,430.69893543873815,-4.163496249390317,-4.306989354387381,5.13,-841.6016375545587,575.6337077886376,-7.868142329078879,931.3968112213046,-0.7506760294830093,0.127564674496361,-254.13797,239.94
1260,1260,Hufflepuff,Kelsey,Shelley,1998-01-12,Right,44486.0,631.3905367872325,4.437097975367126,-6.313905367872327,3.138,-267.5158029724168,365.67727903227166,4.324503724452772,1037.1034206238396,3.4792273796643247,0.3241219822713114,-247.29347,-0.46
1263,1263,Slytherin,Troy,Burden,1999-02-24,Right,42853.0,-476.34033810220507,-3.1211499050517912,4.763403381022051,-6.835,-539.0390324709998,398.5420128277804,2.195020838940909,1066.9710027089427,9.584011382834026,-0.5132928663897611,-250.85195,-20.9
1264,1264,Slytherin,Stan,Taylor,2001-01-31,Right,74149.0,-355.440120434501,-7.980926180152303,3.5544012043450106,-6.254,-439.8923752663398,407.0094208786669,5.919075159243414,1047.519168946304,10.434248149287049,-0.5068806034235764,-254.81898,-117.52
1265,1265,Ravenclaw,Raleigh,Boles,2001-03-20,Right,46705.0,-550.0742802067822,5.8779724232383215,5.500742802067821,4.351,569.5478629674261,608.2375584474199,4.810343470039537,1059.1231318374312,7.6735091747771875,-0.0463258852266251,-229.85248,1.75
1266,1266,Slytherin,Russel,Curtin,1997-01-09,Left,33917.0,-691.6180587401633,-5.424277696525572,6.916180587401633,-6.541,-583.0712383362926,333.3277714655556,6.143255659199871,1069.555372768862,10.257399396034767,1.2433957550534984,-249.34071,-105.45
1268,1268,Hufflepuff,Mike,Rudd,1999-02-03,Right,51472.0,365.48795862369286,7.2970032135200995,-3.6548795862369294,5.31,-588.7766734985984,370.01147214766974,5.339648239540375,1054.5487563373454,3.1567013017224883,0.6200548691263414,-242.09362,-17.11
1269,1269,Gryffindor,Frances,Bock,2001-04-20,Right,39169.0,352.96238513956223,-5.777552192951159,-3.529623851395621,4.228,-805.679997770465,585.7000839893607,-6.117984893494247,939.8831706107352,2.5959792617851827,-0.1678531104974396,-253.66158,222.95
1271,1271,Gryffindor,Tiffany,Titus,2001-01-19,Left,75760.0,445.019170960777,-3.3957796319437588,-4.450191709607768,5.372000000000001,-488.6015651070621,631.7188664246246,-6.840180680463887,949.659333219118,0.3051585673801797,-0.8853919672631703,-252.81478,194.67
1273,1273,Gryffindor,Tammy,Doyle,2001-01-24,Right,37740.0,756.953234982765,-4.591389814344467,-7.569532349827651,6.263,-129.72131028559323,592.0008399580345,-2.6688513929669626,966.2699764904988,4.9486003061717225,0.5114141425201535,-251.23498,158.75
1274,1274,Hufflepuff,Isidro,Maclean,2000-08-18,Left,30704.0,560.019570580477,5.874608719209545,-5.6001957058047696,4.055,-412.2703395865476,357.03381226885665,7.296204152859369,1039.7136493232422,5.639928119587622,0.1496069745533622,-243.70857,-7.83
1280,1280,Ravenclaw,Marybeth,Tam,1997-01-23,Left,50587.0,-424.2223399204543,5.51486692686905,4.242223399204542,6.004,633.954001218519,631.9235524303472,5.361209925527799,1057.5207217457732,8.169891029990437,0.9750531978520826,-229.39669,-4.26
1283,1283,Hufflepuff,Gayle,Bolling,2001-08-11,Right,40196.0,712.7582550333681,1.6848932004853865,-7.127582550333679,9.282,-412.1026744795474,422.838713109466,7.520979056042175,1045.8645466870098,7.2050840614435785,0.8786872964756607,-242.90271,-41.32
1284,1284,Slytherin,Samatha,Duffy,2000-02-28,Right,56297.0,-451.4602984736522,-3.070353028370747,4.514602984736522,-5.561,-411.8712922496719,413.68208890584987,2.7634763466103145,1040.3358181682356,7.133726215296763,-0.3482699310241329,-250.53828,-30.53
1285,1285,Gryffindor,Marshall,Giron,2000-06-19,Right,70010.0,258.9341614422865,-6.9778881954345175,-2.5893416144228647,3.878,-448.8955418218991,576.4728318633063,-4.468341367335189,942.2656196784624,0.5810204151038771,-1.0057692321753606,-254.28586,130.13
1286,1286,Hufflepuff,Juana,Rendon,1998-04-16,Right,59761.0,530.0272325634033,4.205267400829372,-5.300272325634033,5.26,-618.9877767166626,,5.707691519377764,1066.9666600894393,5.165229147840013,0.2585200735098537,-245.57119,-51.15
1288,1288,Ravenclaw,Rex,Ault,2001-09-23,Right,48581.0,-564.9746891830837,5.687591590595952,5.649746891830838,4.305,416.2826166615274,560.6552084284401,3.944574607944,1045.354642118754,4.578843137842154,2.127195263979941,-231.56656,-0.04
1289,1289,Hufflepuff,Carmel,Adams,1999-08-19,Right,44517.0,498.6249607930805,6.951314851930312,-4.986249607930804,3.697,-491.3222212134117,433.9123413531423,3.722084797776253,1037.377643064131,5.212281266118582,0.4826586598895589,-244.00415,57.52
1290,1290,Ravenclaw,Barrett,Sweeney,1999-12-07,Left,63993.0,-608.0960751168496,6.569062969217943,6.080960751168496,4.077,251.27359139945088,588.5024064531202,7.232961119872513,1032.5383618498104,6.53931051788833,-1.1012160637259327,-230.78552,-17.99
1292,1292,Slytherin,Franklin,Groves,1997-06-25,Right,50338.0,-585.0417818820745,-5.00457302726304,5.850417818820745,-2.893,-625.0853929814264,382.5045121570874,6.080210001723538,1052.7014639953843,8.636264155657889,-1.493354491229113,-247.77766,-99.74
1293,1293,Slytherin,Lourdes,Shivers,1999-01-28,Left,49402.0,-412.4163307060315,-8.038819866235476,4.124163307060315,-4.159,-555.5584039400057,412.2427663893615,8.714694433311433,1047.1252674660834,13.33790236701276,1.4737280443302048,-250.58543,-115.95
1295,1295,Slytherin,Garrett,Getz,2000-04-09,Right,48966.0,-404.97960787717005,-6.6959638949128735,4.0497960787717,-5.8210000000000015,-232.6937346326487,438.1783632671943,4.243040795326908,1045.5443033349936,10.73670013479892,1.0578946091043815,-251.55271,-56.57
1296,1296,Ravenclaw,Saul,Thornton,1999-04-09,Left,44461.0,-634.5530558297852,4.406646398938522,6.3455305582978525,3.731,329.19735784359256,600.6131942533118,5.6272457809782335,1049.334591410357,8.649244939944197,-1.0166367405590877,-230.97694,1.05
1297,1297,Hufflepuff,Darwin,Gillespie,1998-10-04,Left,57106.0,399.9283734047175,3.846048264949508,-3.999283734047175,4.792,-680.4757293939846,424.3572745118393,7.354043215000487,1062.4086484536676,,-0.2061397757700748,-243.82852000000003,-37.9
1298,1298,Ravenclaw,Tiffany,Wagoner,2001-05-05,Right,86223.0,-586.7370429925737,4.2315510143819,5.867370429925737,6.517,908.5604665658624,745.3962198761234,6.25148176975978,1076.7616538206512,11.082703138757177,-1.0812281899315972,-227.55277,-51.78
1299,1299,Ravenclaw,Lauretta,Edge,1997-07-18,Right,52042.0,-274.6943907771537,5.74263434962582,2.7469439077715374,7.068,356.06261058695014,593.5563653117288,5.546199110910349,1057.5853016636229,7.324133539134237,-0.9560842764329924,-230.88735,-9.45
1301,1301,Gryffindor,Richie,Mcmanus,1997-07-06,Left,51384.0,373.8515940522303,-4.920899674210428,-3.738515940522303,5.275,-394.97918815415056,604.8468443021218,-5.935517155330037,947.7522757120424,1.2457114583224138,0.9346919963421604,-251.72993,189.47
1302,1302,Hufflepuff,Alice,Novak,2000-06-27,Left,64855.0,503.2115159399386,5.114974549596256,-5.032115159399386,6.3420000000000005,-928.1155973514004,518.1445520721857,0.4861756361102936,1071.4185739077222,7.620085143039273,0.4627903828370695,-244.66899,76.83
1303,1303,Hufflepuff,Ivonne,Binder,1999-12-03,Left,80251.0,209.9412917917984,4.801150623947773,-2.0994129179179835,6.005,-869.4265838493643,353.9804921454713,5.560624366609385,1090.2901701302542,3.5240943965204985,1.09007489940156,-243.62155,-103.27
1305,1305,Slytherin,Shelby,Hough,1997-11-01,Right,71379.0,-341.747360176531,-6.975315210680579,3.4174736017653102,-5.299,-359.0531927168223,413.02339796903,4.040321577288149,1050.1262717130917,8.722122161538094,1.2454291936901412,-253.75329,-95.42
1307,1307,Ravenclaw,Lindsey,Horowitz,2000-03-25,Left,49372.0,-509.17096516713167,4.504158548735783,5.091709651671317,5.235,781.3400795849562,610.5440738089644,3.6233979398683935,1043.5971305601606,5.199780639284759,-0.3535212740197531,-230.6434,-0.76
1308,1308,Ravenclaw,Nita,Girard,2001-10-22,Right,48294.0,-563.2351042284749,1.0608848207275274,5.63235104228475,3.858,516.5329117837258,646.4341550089711,4.465630541344155,1040.3915896780177,9.451016026288135,-0.2472246374383316,-233.20823,6.49
1310,1310,Ravenclaw,Gaye,Kimble,1999-02-14,Left,26901.0,-726.3682913470552,4.677357029886262,7.263682913470553,2.2,205.22391378228284,510.2795637927819,3.81496806833581,1021.832179549628,3.838182819142466,-0.2672233147398548,-232.93177000000003,28.8
1313,1313,Gryffindor,Elden,Word,1997-05-20,Right,43883.0,378.1252650649164,-6.2480610169829545,-3.781252650649164,4.454,-465.2025406145925,563.7763169291778,,945.9979332228064,1.6234381840744834,0.0435281918887646,-253.22216,170.02
1314,1314,Hufflepuff,Dionne,Ingraham,2001-07-27,Right,45798.0,569.6420083188548,3.683741655218464,-5.696420083188548,7.053999999999999,-289.03645980943526,395.385607815368,7.330429213285497,1036.0313837004385,4.722282456014426,-1.6828618722156967,-242.86968,-42.43
1315,1315,Hufflepuff,Easter,Searcy,1999-11-21,Left,22478.0,686.3663232368143,4.136436183201751,-6.863663232368142,3.918,-359.3903459490467,384.457200777486,4.402631048777292,1039.5607604702896,6.071670950337262,2.445931565644272,-245.97086,37.5
1317,1317,Slytherin,Lia,Layton,2000-06-27,Right,50425.0,-473.15333626619474,-5.720582189795562,4.731533362661947,-8.724,-570.9273774822223,358.79774496285035,4.519683858522678,1073.1198497777557,11.227247974922095,-1.075359347753068,-254.08147,-83.95
1318,1318,Slytherin,Luisa,Ritchie,1998-05-25,Right,57874.0,-508.8245939218468,-3.8937956662399262,5.088245939218469,-3.18,-552.4140978589955,413.54249483875503,5.921992790111152,1028.2909137899812,7.743977376097843,-0.4776266764465503,-248.24301,-68.3
1319,1319,Hufflepuff,Della,Kirkwood,1999-08-06,Right,32756.0,536.5960633097072,5.677575927684744,-5.365960633097072,4.552,-487.3463042882887,426.856959133828,2.8780325629951125,1042.3237376512184,5.398599029507438,0.0435495989848192,-244.07179,64.01
1321,1321,Gryffindor,Cecil,Jeffries,1998-04-08,Left,56105.0,215.4958686986276,-7.233034199427704,-2.154958686986276,3.016,-740.7456840141043,581.3581250184477,-3.3375756774330045,976.5864959164168,5.860847775956165,1.2821856071708495,-253.60766,132.23
1322,1322,Hufflepuff,Jennie,Easterling,2000-06-14,Left,45652.0,557.6328864169622,6.090393260119151,-5.576328864169621,4.226,-509.2510537928784,,7.360327700471767,1043.9224361497018,7.192102587630577,0.2322922623716308,-243.7039,-2.11
1323,1323,Gryffindor,Kimberlee,Brand,1998-05-06,Left,83705.0,106.0725568513047,-5.78620830489808,-1.060725568513047,4.275,-486.5985508014281,598.5605098737682,-6.462696642139315,949.6907480557588,-1.2950708670012303,-0.4392123546353674,-253.10627,137.77
1324,1324,Ravenclaw,Homer,Matlock,1999-04-13,Right,43371.0,-540.2915427922724,7.640172307161889,5.402915427922722,5.2410000000000005,690.5455889230528,,4.384643808540159,,8.841729572801675,0.3219926076272338,-227.02916,23.91
1325,1325,Gryffindor,Ariel,Lilley,2001-04-14,Left,65375.0,409.0442859804414,-4.009561834259987,-4.090442859804413,5.396,-496.6900378807293,633.8985207014142,-5.844052919310196,956.2025398705466,2.2458816591726807,1.6424325441825411,-251.8144,190.15
1326,1326,Ravenclaw,Leone,Loera,1997-07-16,Left,69621.0,-428.9247659654682,3.656738947304884,4.2892476596546825,6.107,491.9954225178289,610.2223477077771,3.4418056307040565,1042.0963954520048,4.542265871658861,0.1520563994368871,-233.07807000000005,-17.24
1327,1327,Ravenclaw,Augusta,Graham,1998-01-01,Right,32682.0,-507.13815171078767,4.822126203106525,5.071381517107874,2.926,436.54852715314905,570.7156402745386,4.387752640137209,1042.0848514547251,7.263357842682687,1.9940905169968888,-232.46216,26.79
1328,1328,Gryffindor,Christi,Dykes,1999-04-18,Right,73048.0,678.3556722045257,-4.312118224021038,-6.783556722045258,4.584,-337.22494421772825,650.3714053581825,-3.77714413938664,955.900916001297,4.823160852936686,-1.087742333421018,-253.95703,173.76
1329,1329,Gryffindor,Terry,Guillory,1998-08-02,Left,56742.0,628.3662708564927,-6.135076187737745,-6.283662708564927,3.67,-405.3920700448458,592.9770505302496,-3.352329965631188,947.1935145400276,4.258818294944042,-0.0370190441341481,-255.42444,163.21
1330,1330,Gryffindor,Fermin,Shockley,2001-03-28,Left,65146.0,610.4820825451156,-4.617785025903085,-6.1048208254511565,2.952,-870.8358150780159,613.4637715166863,-5.792643074397542,952.1037346937104,4.454273079802833,-0.9332098608633946,-256.97819,218.63
1331,1331,Hufflepuff,Melba,Cornelius,1999-04-11,Left,54668.0,695.2269816030847,2.896079526803168,-6.952269816030848,7.129,-640.1814299963874,427.77331828120896,1.958259201725752,1065.9479489501907,5.151495461162232,1.6899106834735174,-246.58968,11.84
1333,1333,Hufflepuff,Wilfred,Sheffield,1999-07-18,Right,45501.0,477.99421221248673,4.637622394113754,-4.779942122124866,7.1229999999999976,-663.6512708257545,458.4435171075445,3.3515709277657284,1056.8034218127268,6.365765608978252,1.5653780027500086,-242.50524,34.4
1335,1335,Slytherin,Suzan,Bragg,1998-06-16,Right,62967.0,,-4.735977997966572,4.095597030224996,-7.284,-403.19618267788667,406.5583058413149,3.0018619745262844,1048.5648011581306,8.524513858173222,0.1628360460781858,-253.47663,-52.24
1337,1337,Hufflepuff,Brandie,Lerner,2000-09-22,Left,69453.0,255.0715023645848,6.028532222204047,-2.550715023645848,2.563,-387.5187395105616,435.3374756614272,0.8074719172619016,1040.8687643790856,1.4518819645126773,-0.8156929356876479,-245.53957000000003,33.64
1338,1338,Ravenclaw,Tanya,Farrar,1997-12-08,Right,62709.0,-638.69596898903,7.470054764273232,6.3869596898903,5.546,626.5937822029707,615.4691648046304,6.007498761522866,1049.0836640609857,5.636514137695702,-0.5061606168904991,-227.63075,-23.64
1339,1339,Hufflepuff,Lorri,Dagostino,1997-02-04,Left,88959.0,331.8703716088346,2.9333014746105337,-3.318703716088346,7.832000000000002,-1086.4968348887985,,0.9455620695181908,1098.9582005409077,6.224446691568433,0.0339235805105066,-245.02991,-17.8
1340,1340,Slytherin,Napoleon,Silver,1998-07-09,Left,50301.0,-483.28092548116086,-2.5663561306884786,4.832809254811608,-4.427,-464.006434405556,416.8643687445887,4.502794566455741,1027.4394086052685,7.443034964685812,0.0361926425517664,-248.43755,-30.25
1342,1342,Hufflepuff,Tonia,Fournier,1999-06-19,Right,,566.036799519366,1.5085932896385388,-5.66036799519366,7.588999999999999,-792.8053761477162,459.5039770391672,5.480048354243225,1073.3461883750224,9.919950481869972,0.1740754329422272,-244.29845,-15.74
1343,1343,Slytherin,Dorsey,Creighton,1998-10-04,Right,46746.0,-437.9113389902176,-7.417685485938753,4.379113389902177,-6.856,-330.7910029635138,404.71388740571854,5.989232310226504,1049.1884725640696,11.860277113048534,0.2318409294682612,-252.4308,-85.84
1344,1344,Ravenclaw,Latoya,Gifford,2001-06-23,Right,20878.0,-559.042646527002,5.490145287995614,5.590426465270021,4.027,480.8187708116917,559.9547663249822,2.6059162585926856,1044.688690905985,5.412885612425875,1.3831816870886608,-230.72708,47.97
1345,1345,Hufflepuff,Porter,Healy,1998-09-17,Right,52262.0,,4.635848773565625,-5.003989180551762,4.203,-323.8562005317057,453.818818122113,2.689073216747268,1033.4832604803912,4.411228191114517,0.881427523879249,-245.23264,43.25
1346,1346,Slytherin,Morton,Grantham,1997-10-16,Left,44176.0,-570.2679036262649,-7.022451662279181,5.7026790362626505,-3.426,-626.710518112532,359.8122093281225,8.74704801658505,1054.7090096783563,10.98167567225106,0.3396527271812204,-248.55556,-140.12
1347,1347,Hufflepuff,Kristine,Burdick,1997-06-29,Left,58367.0,449.4572760961152,6.485563059859111,-4.4945727609611525,5.835,-427.2751083386361,352.6472816767297,5.321489028462067,1047.2751240920068,1.245529776066003,-1.3888926443832548,-243.25635,-42.01
1349,1349,Slytherin,Genaro,Keyes,1997-04-04,Right,40611.0,-531.3862628861152,-3.389722905297587,5.313862628861153,-5.632999999999999,-643.5569098692713,380.0436819923186,3.0589468070787933,1075.053589318822,9.629758130162784,1.5523060077332609,-249.56645,-45.64
1350,1350,Slytherin,Estela,Burleson,2001-03-26,Left,70883.0,-404.21770982975966,-3.37518708443636,4.042177098297596,-3.822,-505.1202843205746,420.0601486318928,4.252754912280892,1027.138799821895,6.307517946541643,-1.9323903473505328,-250.42555,-56.6
1353,1353,Ravenclaw,Sebastian,Gaines,1997-10-23,Right,46628.0,-744.4486600071463,4.1601884572263685,7.444486600071462,2.652,678.9594398891905,608.7178770474303,5.515999137407917,1059.925005138334,8.607496654348221,0.099460321239818,-230.08542000000003,-23.09
1354,1354,Hufflepuff,Ahmad,Barnette,2000-05-01,Left,32265.0,735.7118288303012,6.532917551673485,-7.357118288303013,3.533,-484.09260808944185,412.7633255742712,5.20924624307154,1040.4752526936827,7.360199823456132,-0.565621216820066,-245.3614,55.69
1355,1355,Ravenclaw,Sabina,Fox,1997-04-08,Left,23382.0,-557.5097369171801,4.957233522640301,5.575097369171802,3.612,545.3943370260233,557.8765813106758,5.209134584726382,1070.7844635867698,8.768841772680911,-0.3098220418387343,-230.0386,-4.45
1359,1359,Ravenclaw,Blair,Candelaria,1996-12-06,Left,47250.0,-608.5528320554181,6.85167774741371,6.0855283205541815,4.471,601.6669078202813,628.8008172143989,4.767540352328184,1052.1152790108456,7.4309951783805905,-1.1926160127986245,-228.47931,17.72
1360,1360,Hufflepuff,Dianne,Vaught,2000-08-14,Left,27198.0,764.0716391257437,5.2434344807551865,-7.640716391257437,5.404,-357.4384517475835,347.3995122924344,6.214927761691985,1040.7549717765928,4.742992342460138,-0.7466944461814307,-244.90329,-1.87
1361,1361,Slytherin,Bradly,Cain,1998-08-30,Right,65673.0,-593.7845694551064,-8.102690135701081,5.937845694551064,-7.049,-426.6907728549824,351.282821469876,6.857747208078263,1050.5733228110828,9.10117932709435,0.3427592912311614,-253.43132000000003,-152.9
1363,1363,Gryffindor,Lina,Townsend,1997-10-21,Left,67258.0,324.46813660508764,-5.916663031560618,-3.244681366050876,2.959,-828.7408800037834,583.8150089508498,-6.296138459254812,944.7145771524644,1.4980976544213918,0.4185303657736809,-256.14357,187.42
1364,1364,Ravenclaw,Ruth,Treat,1997-10-14,Left,44701.0,-207.357903177134,5.268028765332951,2.0735790317713394,7.6,777.4941327184598,622.1680865080473,4.7355737451432764,1085.6967991823144,8.940047885554645,-2.3132329058701098,-229.29394,-20.43
1365,1365,Hufflepuff,Fidel,Ginn,2000-12-10,Left,28456.0,806.6085169181891,5.583606854345457,-8.066085169181891,3.646,-100.16844339658384,348.013724492062,5.90177004946018,1020.8832312804584,3.4502220593040303,0.1569321265696099,-246.31398,12.97
1366,1366,Hufflepuff,Rudolf,Crouch,2001-10-19,Right,61915.0,263.91366949861145,3.3195533257566057,-2.6391366949861146,6.057,-803.3674974658072,385.95776523937934,5.402882060812322,1081.1608598956109,5.770465478444878,1.5201408812879933,-243.50886,-66.11
1367,1367,Slytherin,Kelvin,Zamora,1998-12-12,Left,36343.0,-611.1297505081168,-2.705248657209072,6.111297505081168,-5.643,-478.54819617944,394.7085974294047,2.1574342763786727,1063.2340370290883,8.222111952391367,-0.0230059028076032,-248.17483,-23.22
1368,1368,Ravenclaw,Fernando,Champion,2001-02-03,Right,30828.0,-260.12742820179767,3.6345504289217967,2.601274282017977,6.223,466.18355969661246,598.5308353849338,3.5203691421314214,1056.4014528384776,8.141812646294769,0.3330389318570643,-232.16003,27.73
1369,1369,Hufflepuff,Bobbie,Snow,2000-10-29,Right,50145.0,608.1216398776082,4.343183927354796,-6.081216398776082,6.181,-529.945591187558,389.90187347159775,6.134390479269742,1054.232475925468,5.602199050214717,1.0646148914797005,-244.46624,-28.99
1370,1370,Gryffindor,Christian,Maldonado,1997-12-05,Left,42645.0,666.0165326230457,-6.597507622851349,-6.660165326230455,4.162,-246.42858835566275,577.4299143854885,-3.9392411864166967,923.5035603264844,2.188838035843076,0.0963950356293762,-255.2965,184.89
1371,1371,Ravenclaw,Eula,Stinson,1998-07-15,Left,42570.0,,6.167041371100912,5.211448874005028,3.759,267.61310195417013,525.0580596401792,4.331309824332195,1025.6270069131026,3.3131322483591674,-0.9094559379140166,-232.78179,15.7
1373,1373,Hufflepuff,Catina,Whitehurst,2001-10-29,Right,51264.0,516.9500192672461,4.734196112061472,-5.16950019267246,5.437,-638.0519656606348,404.788800669551,4.258943131378252,1061.5772825232104,5.57152797247314,0.2655485222060951,-244.69562,-2.31
1374,1374,Slytherin,Loren,Forrest,1998-12-03,Right,48818.0,-502.08574843945655,-6.614204227807548,5.020857484394567,-6.391,-490.0926383135569,371.18904791068985,6.639299288889188,1053.6639158972278,10.853374256870127,-0.1402568229171784,-251.70933,-106.15
1375,1375,Hufflepuff,Tammi,Almond,1998-06-20,Right,69088.0,536.5354305951547,3.871038946061237,-5.365354305951548,6.6960000000000015,-610.4877576366923,368.4273188777912,3.3682828154397537,1068.9509111570562,2.219101613248365,1.3839436188440897,-246.04393,-52.64
1376,1376,Gryffindor,Autumn,Thomsen,1998-01-12,Right,46825.0,672.569766523357,,-6.7256976652335725,5.437,-506.4553269191388,578.6972207823592,-5.6059209634015925,941.6519022287504,1.3630396130570546,-1.2068376810871446,-253.94765,207.78
1377,1377,Gryffindor,Lauri,Wilkinson,1997-10-26,Right,82744.0,653.2428459508343,-1.860503821426812,-6.532428459508344,5.345,-630.0966672864474,665.8465722564542,-6.416418125829804,965.6460441874588,3.2982497078569333,1.2295212315460549,-253.44305,213.77
1378,1378,Ravenclaw,Levi,Felder,1998-02-19,Left,48202.0,-595.5226382710404,3.4388561284755768,5.955226382710404,3.5210000000000004,449.6208823327393,582.8313197106829,5.5345265283273255,1035.7675657534242,6.8943903037325365,1.0481414091357977,-232.497,-12.27
1379,1379,Slytherin,Bryan,Logsdon,1998-07-20,Right,52561.0,-355.27047560480474,-4.892783187099728,3.552704756048048,-4.839,,442.93636006813017,2.924344754979542,1049.8931862507234,9.590622652556926,0.6572519142353709,-250.92786,-33.02
1383,1383,Ravenclaw,Domenic,Carrion,2001-06-27,Right,,-790.6285203897072,5.686712601435588,7.906285203897071,2.442,870.5116483152717,540.4006919856636,6.498276241880982,1075.85977061399,7.205894964652116,0.1046421193623085,-228.08901,-59.84
1385,1385,Hufflepuff,Bobbie,Meehan,2001-02-27,Left,56428.0,310.80689344100074,2.119200615777661,,5.233,-536.6152913430188,446.5910119574488,9.37601920753276,1053.3865167572974,9.93707944355175,-0.4473585064478577,-242.55764,-65.02
1386,1386,Hufflepuff,Julius,Tirado,2001-08-30,Left,50264.0,540.2789786090716,4.7586552986368735,-5.402789786090717,6.395,-489.6955321133401,402.5129258941878,5.528666821963174,1048.9781206238058,4.799839038125007,0.3754646695075154,-243.52072,-16.93
1387,1387,Ravenclaw,Adolph,Damico,1997-07-14,Right,78362.0,-578.2004812701698,2.773405771074984,5.782004812701698,4.539,595.3642081913788,577.7823936773543,4.068253322805297,1036.0006972824292,2.908140694236337,0.4553116117046606,-234.19162000000003,-57.27
1388,1388,Ravenclaw,Lettie,Estrella,1997-12-31,Right,42143.0,-440.534575606877,6.180251848680621,4.405345756068772,5.01,451.0484117292246,539.4581323115779,4.170292632065836,1033.009098154114,3.3375558899345545,-0.8922571082658926,-231.73096,8.39
1389,1389,Ravenclaw,Elmo,Stanton,1999-02-25,Left,-3149.0,-464.4981085489781,2.415141862888144,4.644981085489781,2.878,-97.5858786181722,490.7030699269789,5.849143760682257,1046.153609188954,9.985733337326078,-0.296716866711745,-234.12683,32.6
1390,1390,Gryffindor,Hai,Burns,1998-12-15,Right,45797.0,605.0804027967865,-2.5118580617140767,-6.0508040279678665,6.519,-370.6685800894706,662.8662957918752,-5.530696237854847,970.3290274151436,5.141375460357121,1.2158280897014235,-249.47542,225.38
1391,1391,Hufflepuff,Jess,Rafferty,2000-12-30,Left,65205.0,349.35258888996606,3.999361433834239,-3.4935258888996605,6.097,-804.097830934693,471.2868596619131,2.83463042120644,,6.774778163480213,-0.9582580793010336,-243.83926,11.44
1393,1393,Slytherin,Nell,Boettcher,1997-12-12,Right,46572.0,-611.5757920957723,-5.701988971438127,6.115757920957723,-3.675,-577.3606259906808,373.1309915961969,8.342000043818256,1037.5338180164763,9.54252057104816,1.2876640083355668,-247.86671,-115.73
1395,1395,Hufflepuff,Ike,Galvez,1999-04-21,Right,73991.0,93.52254735484192,5.675772962768682,-0.9352254735484192,4.0,-782.1520997357958,430.6443281936069,5.1008397798133,1069.0707923031296,5.717533919590039,0.6902622663407092,-242.57102000000003,-33.02
1396,1396,Ravenclaw,Romona,Whitlow,1999-06-13,Right,63666.0,-644.4893686738837,2.1538483924095924,6.444893686738838,4.918,,633.8530198993664,5.615065665382396,1070.9508684186094,8.554411709645741,-1.393507411553632,-230.4437,-68.89
1397,1397,Gryffindor,Rolf,Cottle,1997-10-06,Left,83831.0,685.5392954297567,-6.202936477448673,-6.855392954297567,1.61,-571.7193360725007,601.3921222214437,-5.17935123964247,923.1497256755604,1.855847986382884,-1.672884991116404,-260.40861,185.2
1398,1398,Hufflepuff,Cedrick,Batson,1999-04-21,Right,41635.0,585.3417745039408,7.818014714940289,-5.853417745039407,3.751,,432.4515575319918,4.3408505677622085,1032.3248051575636,5.423754810125534,-0.0809055962422514,-243.80638,66.07
1400,1400,Gryffindor,Alisha,Broome,1999-05-31,Left,56217.0,503.6260827570315,-5.515156207129736,-5.036260827570316,4.488,-592.1003791017101,581.8193973742437,-5.280261233137092,937.6491123663312,1.4189746039374065,-1.94844168455246,-254.79353,187.82
1401,1401,Slytherin,Jesse,Van,1999-08-17,Left,45656.0,-579.1969494135321,-7.081940967124455,5.791969494135323,-4.896,-352.56687208024294,394.4803720737017,6.645504027244811,1043.8852608277557,10.114625548449675,-0.9033133295016214,-249.52768,-104.82
1402,1402,Slytherin,Adriana,Byars,2001-01-05,Right,54069.0,-486.1910863649143,-4.776128088104582,4.861910863649143,-5.671,-389.9072851949514,401.5563770965829,3.7778614364321568,1047.3627362971367,8.246324170750201,0.1911439411411205,-250.89759,-61.64
1403,1403,Ravenclaw,Juliana,Aranda,1998-09-18,Right,53337.0,-478.527717033751,2.702063235797812,4.785277170337509,4.246,371.17841122891815,603.3596957825388,4.6145477765002,1040.0876787447012,7.477363974633894,1.4549170063931331,-233.79125,-2.23
1406,1406,Gryffindor,Clarissa,Muniz,1997-05-05,Right,52057.0,,-3.695010323272668,-3.6429241156271774,5.533,-633.4503667835293,613.1442194323653,,969.1902629145892,2.75303050695027,0.9542094247931816,-250.98288,201.18
1408,1408,Hufflepuff,Keshia,Stubblefield,1998-02-24,Left,56484.0,392.90832470277184,6.581190083925332,-3.9290832470277177,,-243.96229969953487,389.1377460224368,6.780875803587523,1029.616758539964,2.8760176511262063,-0.993095257130782,-242.60906,-28.34
1409,1409,Hufflepuff,Angie,Cash,1999-05-01,Left,66257.0,415.7597732949962,4.790851785684231,-4.157597732949962,6.9979999999999976,-732.5080709651305,402.6962471893849,3.2924202917809087,1071.290708901245,3.4991102118497865,1.428366147113732,-243.88303,-27.76
1411,1411,Hufflepuff,Jeniffer,Carrion,1998-11-05,Left,52547.0,460.86969545390986,6.363651172332338,-4.6086969545390986,6.058,-737.7876229988701,431.5175708542892,4.382766688846599,1059.5530562978909,5.933551973084363,-0.4981133648967204,-242.67607,19.33
1413,1413,Ravenclaw,Hilton,Mckinney,2000-07-22,Right,65007.0,-484.4397775628592,3.9168677778445513,4.844397775628591,5.117,463.8931221755177,634.8096629665064,4.985683931079652,1041.283541150674,7.28538751869513,1.4747133618778705,-232.16272,-8.37
1416,1416,Slytherin,Trinidad,Ruffin,2000-05-14,Right,41364.0,-623.8295682387949,-1.9483169882679947,6.238295682387951,-5.184,-590.2016266476924,393.4908391380635,6.189992957358115,1024.2407529861432,8.198618546422704,-0.7316878316672253,-247.07332,-36.25
1417,1417,Gryffindor,Leonard,Koehler,1997-04-05,Left,35189.0,307.4820103550952,-5.325588428226534,-3.074820103550951,4.841,-506.5198432427967,615.497090574321,,959.0186436199742,4.170306095585266,-0.0235662020774814,-250.64329,207.29
1418,1418,Ravenclaw,Gena,Sotelo,1999-01-06,Left,27979.0,-491.2030083816768,5.386216214386126,4.912030083816767,4.919,501.35366829771766,591.4395992617569,4.449335845932908,1058.8086290609274,8.169258459216103,-0.1000320450173376,-229.675,22.95
1419,1419,Slytherin,Casandra,Hoag,1997-03-18,Left,64144.0,-550.5204913946134,10.15399254505842,,5.525,512.7209611814211,602.5562104737729,5.209066206884437,1057.241319881934,4.866683816553182,-2.3594723809139784,-227.4041,-1.72
1420,1420,Hufflepuff,Ernestine,Sowers,2001-08-18,Right,68166.0,240.08239229860507,3.202357913168552,-2.4008239229860497,6.942,-638.4715436959666,463.3040777473958,6.631232462481669,1058.765127607595,7.118105168462469,-1.311887825891553,-241.52183,-48.59
1424,1424,Slytherin,Constance,Mclean,2001-06-02,Left,62755.0,-486.7742855167484,-5.894275030896307,4.867742855167483,-6.54,-424.8169743074437,391.0759971603432,6.358911975260075,1031.537229428411,8.96468569489404,-0.5604760635556373,-252.34178,-94.83
1427,1427,Hufflepuff,Vince,Madigan,2001-10-12,Right,23358.0,697.23426785598,6.523458375578088,-6.972342678559801,,-647.8210345430259,465.4632342261724,2.223895319707332,1045.096708271839,7.700524910455378,-0.2735456884637262,-243.69343,116.92
1428,1428,Ravenclaw,Merle,Pogue,1997-11-05,Right,63764.0,-654.3254731552157,5.5620093544042,6.543254731552158,3.0810000000000004,366.20737935390366,576.8889844667458,5.5960641628080925,1034.6636986127378,5.310526778875851,-0.5542278157140543,-232.20877,-18.4
1429,1429,Ravenclaw,Osvaldo,Lassiter,2001-09-20,Right,32931.0,-609.3808303159508,6.858854438241575,6.0938083031595065,3.784,594.0858696032377,576.8524470613878,4.748018612516816,1069.890741592439,7.633852688548236,1.51663907340619,-228.64198,3.92
1432,1432,Hufflepuff,Judy,Jett,2000-04-20,Right,34513.0,553.9241931588101,2.648173958260533,-5.539241931588101,4.025,-328.1328491430843,345.33854225537607,8.953351443046717,1045.1672762296753,7.002826210160878,0.1534557100473179,-245.162,-64.55
1434,1434,Gryffindor,Roderick,Pellegrino,2001-04-18,Right,60317.0,558.3941493540457,-4.7447514947209175,-5.583941493540458,4.968999999999999,-713.4010972832989,563.8935294198558,-5.856162070417645,935.2947719455158,-0.0652191705434854,-1.9748769967888808,-255.41667,192.26
1435,1435,Ravenclaw,Darlene,Hess,2000-06-02,Left,51035.0,589.3931005427199,3.4440608299525453,-5.893931005427199,6.151,-386.6833659496766,410.48192130146055,8.014816204903479,1043.0651105559891,6.828954913068137,0.4623899109155407,-243.83655,-45.15
1436,1436,Slytherin,Sherwood,Cassidy,1997-07-17,Right,69396.0,-489.7690446614045,-6.613031411323978,4.897690446614043,-4.261,-544.8386599649651,377.6503150254075,7.829515063121589,1033.1551153840278,8.453327138292497,-0.5259526641691115,-251.29157,-135.83
1437,1437,Gryffindor,Donte,Richard,1997-09-03,Right,64810.0,590.0487495984537,-3.3834984950740647,-5.900487495984538,5.109,-670.3685773963763,629.2729195036378,-7.54505758122845,928.4767111439908,0.3186394997029413,-1.2846401851908855,-254.67808,246.76
1438,1438,Hufflepuff,Lyle,Haynes,1998-12-15,Left,50043.0,538.6107737701668,5.2651181314674815,-5.3861077377016695,5.2860000000000005,-495.8327137438365,438.3074515221237,4.153128708417976,1043.5785702599087,5.477547575243877,0.2205959924821216,-244.13536,26.88
1439,1439,Hufflepuff,Melva,Trimble,1999-04-06,Right,88282.0,303.38647547953013,4.993125220076419,-3.0338647547953013,4.562,-602.5488953397547,425.3294773189624,4.658685106723032,1060.3495065531922,3.75307479571976,-0.6548310276081771,-245.04629,-51.42
1440,1440,Gryffindor,Winnifred,Gunter,1999-02-27,Right,57950.0,556.9376533269576,-3.3246012817236665,-5.569376533269576,5.857,-466.8893518483748,648.2731010512073,-6.312407944863657,944.9914782279492,2.3168355837210552,0.4164322535048939,-251.92547,227.01
1442,1442,Hufflepuff,Willard,Morley,1999-01-24,Right,66454.0,261.6447314070159,4.253128777888638,-2.616447314070159,4.7860000000000005,-604.2365389833864,,,1056.8787624302631,7.3598411213500015,0.9319966232532388,-242.63107,-58.56
1443,1443,Gryffindor,Janell,Anthony,1998-04-25,Left,54022.0,461.318639513246,-6.8605239033499625,-4.61318639513246,3.526,-510.49176105959634,571.3787174021621,-3.690399109238793,946.706548924152,3.2783839136368496,-0.8017157735263146,-255.12874,153.59
1444,1444,Slytherin,Frederic,Colson,1997-06-20,Left,36809.0,-434.4341353550455,3.8768434050584752,4.344341353550455,6.955,799.6585136132147,640.8639502479758,3.6717433438456086,1084.8644846428076,9.313481918175398,0.5585625729218769,-228.39853,-7.29
1446,1446,Gryffindor,Haley,Pryor,1998-11-20,Right,74889.0,240.55918719267208,3.834011227733569,-2.4055918719267213,6.2170000000000005,-834.2027750054924,440.2105982486368,3.244443649077044,1078.4514144081118,5.28938952292059,-0.3301200969285453,-243.72415,-31.21
1447,1447,Slytherin,Caroline,Whatley,1996-11-14,Right,60450.0,-487.7676402707261,-5.46362162867959,,-5.022,-565.0911202919156,381.1152016152613,5.295359241549946,1053.46246545215,8.781968928332605,1.3234029359105757,-251.22853,-98.27
1449,1449,Slytherin,Ollie,Prescott,2000-09-13,Left,93408.0,-207.9945104432392,-10.295662748653244,2.079945104432392,-7.405,-448.4862992495626,391.0234419260746,5.7391499874723255,1061.9356357365566,10.976564233078449,-0.3335359624640953,-259.49964,-162.04
1450,1450,Ravenclaw,Jasmine,Tiller,1999-05-15,Right,76651.0,-725.0401162100386,6.358258480103906,7.250401162100386,3.452,628.5234391412355,572.5727892101846,6.3644096806220185,1037.0070957826304,3.5203415021488134,-1.1373335674390448,-230.69598,-60.09
1451,1451,Gryffindor,Clarissa,Badillo,1997-05-30,Right,23951.0,541.403192655613,-8.24378262669162,-5.414031926556129,4.301,-472.92688216738304,503.7123382034637,-2.57086003230007,926.6004694629816,2.1118509540458694,0.3151515331675904,-255.15668,153.04
1454,1454,Ravenclaw,Willard,Crawley,1997-09-08,Right,22720.0,-347.6796403526473,6.792195366907525,3.476796403526473,6.175,353.61695090216784,603.5536746436485,4.238170907771412,1063.4876660211355,9.065764756148052,0.0026866880960791,-228.90279,52.22
1456,1456,Hufflepuff,Rico,Windsor,1999-07-13,Left,57887.0,433.8334443577542,1.7518542826257577,-4.3383344435775415,7.652,-617.9296216773425,427.1000252938462,4.888227534568338,1065.5835863019413,6.050421311196143,-1.8813462418658025,-243.83637,-44.78
1457,1457,Gryffindor,Carol,Parham,1998-11-07,Left,24650.0,558.6435977051506,-6.360229002765572,-5.586435977051504,5.851,-252.92195228549664,570.607142561354,-3.4862735807894234,936.542674459595,2.913304734766361,0.7229646553205598,-251.6597,181.6
1458,1458,Gryffindor,Tricia,Burt,1999-01-07,Left,59954.0,461.123006391526,-5.493792797563804,-4.6112300639152615,,-442.6072498575823,585.3230640582832,-6.2953901330606366,920.9030920878917,-1.1650197912461948,-0.8204377171954661,-254.67415,195.15
1459,1459,Hufflepuff,Nikita,Strickland,2000-06-10,Left,41053.0,528.4489228673845,6.179181750129263,-5.284489228673845,3.346,-455.85537133983286,409.2814684931514,4.920895455855601,1040.7897165761358,5.847602695612254,0.7692648428179264,-244.58289,32.31
1460,1460,Ravenclaw,Catherine,Sweeney,1998-10-12,Left,47193.0,-499.7775908933008,8.221351169257995,4.997775908933008,5.301,767.9034318276932,584.8057261726595,,1079.1620469198454,6.626474697888575,0.4450948897474841,-227.47385,-24.73
1461,1461,Slytherin,Polly,Lofton,1998-04-08,Right,25642.0,-586.9561577377461,-2.754092485941229,5.869561577377461,,-493.5854659412044,422.6159763980832,4.1011863759541125,1049.331978825687,9.807208178929743,-0.5718484803094231,-245.54608,-12.45
1462,1462,Gryffindor,Lawanda,Epstein,1998-05-10,Left,47337.0,608.47441568077,-3.6603943480930106,-6.084744156807702,5.8370000000000015,-807.4118699644655,578.7508241868227,-6.227014265750952,943.3181562659208,1.3567000353111935,0.0899929927618717,-253.7658,225.4
1464,1464,Hufflepuff,Delores,Desjardins,1998-09-03,Right,46759.0,461.7018484341641,7.00833057776456,-4.61701848434164,3.736,-637.1364877770187,391.1705139101983,3.701764884995011,1054.429327138073,,-1.7662301514720222,-244.42145,28.3
1466,1466,Hufflepuff,Sharla,Metzger,1999-04-02,Left,16894.0,619.747765696056,5.625563787168502,-6.19747765696056,3.884,-394.7294467435639,464.3275982706536,4.805481196464049,1024.6392798895722,8.6963496052725,0.5224952643996339,-243.29676,98.67
1467,1467,Hufflepuff,Jerold,Salisbury,1998-04-10,Left,61999.0,110.91990967978558,,-1.1091990967978558,4.207,-263.62490610400664,390.9286304627978,3.817593894888137,1037.0570875842614,0.4745968310430819,0.7346256427931019,-242.48571,-31.1
1468,1468,Hufflepuff,Viviana,Greco,1997-09-09,Left,48634.0,590.1220321526538,4.445350609008742,-5.901220321526537,4.944,-666.7108785113431,328.38160032983745,6.8983363433602,1072.240501949998,5.723229028630652,-2.656562374458677,-245.74328,-63.71
1469,1469,Ravenclaw,Alden,Guidry,2001-07-08,Left,28327.0,-489.7242166202939,6.569810980209415,4.897242166202939,4.1560000000000015,473.3689418663218,602.5957702219414,2.3870845989333103,1040.255068393874,6.196107569137372,-0.4757204635478139,-230.53024,73.77
1470,1470,Slytherin,Nigel,Reedy,1998-02-22,Left,60042.0,-344.6393217658046,-6.7108497930265845,3.446393217658047,-5.191,-273.3960549920957,447.02859854708834,3.4140973220482564,1048.4172895768183,9.960919022077166,-0.4326497473246548,-252.41067,-59.42
1473,1473,Hufflepuff,Nellie,Pennell,2000-10-13,Right,36934.0,558.4577036988188,8.096714410095482,-5.584577036988188,2.984,-281.16695422531967,401.88742933330735,6.2035798803437165,1021.2381913359144,4.787034028100619,-0.7527691994840033,-243.27695,41.96
1474,1474,Gryffindor,Modesto,Doll,1999-05-12,Right,,461.5154106485973,-4.1022277471311845,-4.6151541064859725,5.445,-554.6930593257622,623.8274541233862,-7.1845569121851325,923.1670421038008,-0.8586861485463508,-0.2895245161008638,-253.65055,223.8
1475,1475,Hufflepuff,Rhea,Currie,1998-05-22,Right,60329.0,398.3630462543022,5.010462617334893,-3.9836304625430223,5.027,-756.7738012398918,376.0939754200237,1.5713030018108518,1077.7260478312726,2.9256263860915284,0.7513593145860908,-245.72835,-8.57
1477,1477,Ravenclaw,Tommy,Herron,1999-01-29,Left,52313.0,-224.23019478227863,6.501565084340304,2.2423019478227864,7.602,388.94067910186766,611.0857231072623,7.992249376917331,1067.125384575928,9.957914148540771,0.7741857254180156,-229.08857000000003,-28.76
1478,1478,Ravenclaw,Augustus,Grooms,1997-03-27,Right,24923.0,-503.25833897771935,5.200536017237339,5.032583389777193,4.364,499.79152986069664,577.6988470829799,7.595640953518871,1067.652423919464,10.87717066307523,1.9063542670878608,-228.88605,-15.59
1482,1482,Hufflepuff,Jae,Mejia,1999-10-31,Left,47506.0,572.5181101531831,3.8064824847371215,-5.725181101531831,4.852,-359.77166948586984,371.5787287499591,6.3742572367549695,1043.8936662134804,4.74965584119561,-0.993245765335395,-245.33065,-37.02
1483,1483,Hufflepuff,Heidi,Porterfield,1997-07-14,Right,36844.0,473.5212948888993,6.778592979503642,-4.735212948888993,3.067,-259.6137437907215,448.2952507697139,4.585958006304817,1018.5107626394044,5.3844851344816025,0.1374064557290432,-243.22545,68.2
1484,1484,Ravenclaw,Maryann,Russell,2000-05-26,Left,90161.0,-493.713623079532,2.000945049029468,4.93713623079532,5.856,449.72511545010383,659.8604679777462,5.384213677088839,1021.127060051026,5.866795817214314,2.1486370852471817,-233.99674,-36.78
1485,1485,Hufflepuff,Donn,Arthur,2001-05-07,Right,29152.0,572.2247667045611,7.312331116099659,-5.722247667045612,2.269,-475.7199880678238,353.817118591611,7.887353225576776,1041.1743512792327,6.908700825671067,0.0539979395469012,-244.19329,7.84
1486,1486,Hufflepuff,Burt,Mosier,2000-01-12,Right,56806.0,245.17240578830203,5.813453041093132,-2.45172405788302,4.309,-346.65089802216164,367.2876332061903,5.954151667089878,1040.814007236596,2.066875104729617,-0.13134875753209,-242.56801,-45.23
1487,1487,Slytherin,Felipe,Carvalho,1999-08-25,Left,49552.0,-569.5697018083997,-5.9903760372481125,5.6956970180839965,-5.303999999999999,-498.8573434335991,377.3037096775228,6.236051780329905,1050.491858721991,9.643307353843626,-0.3099961601159116,-250.0961,-101.81
1488,1488,Hufflepuff,Lola,Clemons,1999-03-17,Right,20132.0,873.4851393196546,3.590283155345681,-8.734851393196546,6.501,-381.904064297296,406.2924580187925,5.997836609996406,1038.8796939812337,7.7354511847960445,-0.2131755798765451,-244.91045,29.62
1489,1489,Ravenclaw,Pat,Parr,1999-03-13,Right,69310.0,-537.0746904691339,5.7861929120242825,5.370746904691337,5.1,434.8221304551128,632.6265208970673,4.369823084340506,1037.8693089344492,,-0.4400421594313448,-231.2123,4.68
1491,1491,Hufflepuff,Clark,Wentworth,2000-11-01,Left,49507.0,536.8312194760651,3.8479272870977184,-5.3683121947606525,5.155,-423.0558974786203,414.3598534213185,5.333903735389427,1045.7537063824473,5.6944427153690365,1.0522414831299378,-244.7714,-9.66
1492,1492,Gryffindor,Stanford,Valentin,1998-12-14,Left,31487.0,550.8467411487611,-4.958935558969374,-5.508467411487612,5.999,-153.39632564234105,611.8004588501418,-3.751780116482746,962.2501456469652,4.791445219793324,0.3604354507841511,-249.83742,180.79
1493,1493,Hufflepuff,Rosalind,Shank,2000-12-16,Right,62205.0,706.5193013025998,1.9091293107169365,-7.065193013025999,8.445,-580.3712272444664,371.3229745861128,7.390881166813591,1068.152572390709,5.704590082944097,0.3051855711559427,-245.39275,-96.22
1494,1494,Ravenclaw,Vada,Stinnett,1998-12-07,Right,63604.0,-739.5106986941948,8.129343836158942,7.395106986941949,3.168,271.43208138397904,570.2868002122639,3.6627513720425866,1024.4518638923164,2.315665172275017,-1.986756734980085,-231.02839,22.1
1496,1496,Hufflepuff,Garry,Saul,1997-05-18,Left,50876.0,533.6033839410762,5.228591888037816,-5.336033839410764,4.788,-556.205924253526,475.2888479598292,5.510340402427289,1042.7543833332843,8.33812596232025,,-243.71278,35.79
1497,1497,Slytherin,Nelda,Gonsalves,2000-08-22,Right,47902.0,-429.4927098161695,-5.880774928681589,4.294927098161693,-3.99,-617.151289763896,403.6097863225959,5.916529749737093,1061.3434323060474,11.409444915468804,-0.1085518519954343,-249.9104,-84.22
1498,1498,Hufflepuff,Delmar,Meza,2000-02-04,Left,59115.0,549.1953159834953,6.802775510214001,-5.491953159834954,6.223,-670.374585309208,457.1362362520362,1.8210086198696025,1054.208297234182,4.319537154358939,-0.9958413498782424,-243.85146,54.49
1499,1499,Ravenclaw,India,Fort,1998-08-05,Right,,-629.9842613616732,4.198710705056227,6.2998426136167325,6.1110000000000015,791.852222898667,626.6833823981052,5.678764120052316,,4.3517150153190585,0.9497357409237572,-230.50235,-96.74
1500,1500,Ravenclaw,Marty,Seifert,2000-06-30,Right,54385.0,-409.9188076758989,6.135256189810926,4.099188076758988,4.756,260.25884254465666,590.2832297014123,4.892617992957543,1035.7862919507756,6.183686114719678,1.1451105314751755,-232.34086,19.3
1501,1501,Hufflepuff,Bud,Park,1997-10-12,Right,62872.0,469.40066111139663,3.9410285745111047,-4.694006611113966,4.721,-511.8506072425245,410.97968272039,5.716358103371142,1053.2023587822728,5.635174779633457,2.2364133947277,-245.24415,-34.17
1502,1502,Ravenclaw,Emile,Hudspeth,1997-08-05,Left,17277.0,-463.95397176765465,5.501400348256199,4.639539717676548,4.819,458.7834921669679,552.6217210478852,4.195597544713974,1049.7213520761286,6.751898411406941,-0.3650512244149574,-230.19753,31.96
1503,1503,Gryffindor,Kim,Creamer,2001-10-23,Right,53269.0,674.7687688246767,-1.7942735100945364,-6.747687688246767,7.657,-392.0491039939808,632.7491841540907,-5.7058726654141125,966.26319114279,2.516735106685592,0.2820854504290657,-249.75465,208.67
1504,1504,Hufflepuff,Suzanne,Turk,1997-01-29,Right,57036.0,407.6562643812708,6.803348485900417,-4.076562643812708,4.592,-724.3323115408133,367.6439107565705,3.7266656601837527,1067.5111650512126,3.388736140734129,-1.913023067884152,-244.31754,-9.73
1505,1505,Ravenclaw,Katy,Elliott,1999-11-05,Right,80705.0,-480.2267186968686,8.245360764740232,4.8022671869686855,4.837,381.88925612947526,633.6830397140603,4.692977601549222,1014.2646297975766,3.608862352999264,0.2327348153096854,-231.42808,25.36
1507,1507,Slytherin,Sheldon,Boatman,2000-03-30,Left,65092.0,-450.46274531991,-5.261056842024251,4.5046274531991015,-5.231,-594.3985252307325,395.6230194116517,6.1120221881049765,1041.31594343937,9.2030868096276,-0.5972803952581144,-251.6276,-91.86
1508,1508,Slytherin,Cara,Pape,1998-03-23,Right,78269.0,-338.78175657774165,-7.726782018164334,3.387817565777416,-8.041,-394.18421950851706,388.1914520576398,4.272949929901402,1056.2646405161915,9.51413475380082,-0.5489166902671742,-257.0058,-113.12
1510,1510,Hufflepuff,Jacque,Oleary,2000-09-17,Right,39866.0,463.4017110621608,4.1951204732890215,-4.634017110621609,5.112,-278.29786972980725,413.0750891989611,7.507097596370271,1031.127004304437,6.180842403406363,-0.3536937641859992,-242.60069,-16.88
1511,1511,Gryffindor,Flossie,Zuniga,2001-08-12,Left,73457.0,102.42823027215802,-5.866828698960703,-1.0242823027215802,4.521,,575.8316244901987,-6.540574150832637,947.0154601479406,-1.7033185979910233,-0.6456210244325749,-252.91442,144.84
1512,1512,Ravenclaw,Lettie,Leblanc,2001-05-18,Left,38491.0,-330.3986148206535,2.7080387220007727,3.303986148206535,6.238,753.8783018303222,632.3287129147584,3.8560464838772095,1077.8585120380678,9.726924294388528,-1.2935776279276368,-230.9144,-8.04
1513,1513,Ravenclaw,Josue,Traylor,1999-04-21,Right,13784.0,-440.56426124528,5.316777697666028,4.4056426124528,4.852,510.91211092656073,571.7722679277531,,1056.6981981067324,8.231071653825156,-1.3105768058283191,-229.7355,37.46
1514,1514,Ravenclaw,Catharine,Mahan,1999-05-03,Right,38114.0,-729.0208228475475,3.6038003638447886,7.290208228475474,2.5860000000000003,340.6278959048638,575.2868483446382,7.03540745459016,1053.0910815718162,9.693494459849012,1.2386281429009007,-230.98958,-23.75
1515,1515,Gryffindor,Diego,Cooper,1997-09-30,Right,69869.0,-622.9243083460779,4.650114466997707,6.229243083460776,4.367,413.99249166688026,582.2759883837714,6.110216440731692,1029.7392705679767,4.72823374954953,1.2392966764828688,-232.08677000000003,-39.07
1516,1516,Ravenclaw,Chad,Ashworth,1997-11-18,Right,30257.0,-790.0267716435484,4.996904707030825,7.900267716435485,1.55,97.49732085968316,481.5168542748072,5.155589931786019,1009.1405304325752,2.9554908324570004,1.2564122586076067,-233.3145,13.41
1518,1518,Ravenclaw,Sung,Hammonds,1999-09-18,Right,26022.0,,5.807907381606113,5.434545524060692,4.124,550.90362049039,585.5518382997383,3.7773507603003593,1048.6153256029193,6.930173936739098,-0.6141295280776712,-229.8689,38.01
1519,1519,Gryffindor,Jesus,Belcher,1998-04-30,Right,34120.0,504.76122485835486,-6.423903728962357,-5.047612248583548,3.515,-421.456023807054,619.5131986623022,-3.953611464654884,950.5142277735096,,0.5263429061226995,-253.24351,204.45
1520,1520,Gryffindor,Gordon,Conyers,1996-11-17,Left,53440.0,423.6320345729898,-2.49527011344377,-4.236320345729898,7.318,-568.2306941749882,645.4932979717654,-6.481345810337085,963.4132712575162,2.3648763511120867,-0.8634675211840349,-248.94517,218.48
1521,1521,Ravenclaw,Kraig,Friday,2000-06-04,Right,56974.0,-684.1079066619286,5.309308948977173,6.841079066619287,4.55,615.7953506389223,589.9871075923998,5.3303291080718935,1054.2206947159798,5.746638240940437,0.3013622987491152,-229.56493,-36.1
1523,1523,Ravenclaw,Carlotta,Irons,2001-02-13,Right,62717.0,-569.1924117691048,4.599632527512048,5.691924117691048,4.617,418.9198193189324,608.5049386684711,4.830469550583242,1038.539982227264,5.980643173836643,-0.9140014479646524,-231.88163,-9.29
1524,1524,Hufflepuff,Alberto,Radford,2000-09-23,Left,45610.0,769.8166138044015,3.3208157453950062,-7.698166138044018,4.901,-470.41417706172,,2.60432654867806,1052.0807554673,5.8608563043139785,1.1195738096057848,-247.87531,32.1
1528,1528,Hufflepuff,Carson,Casas,1999-10-08,Left,69765.0,313.25800888517244,6.118077538299412,-3.132580088851725,5.759,-586.280028257116,343.39296962583734,6.7783594402909255,1062.8619808320486,2.24367816664554,-0.8741664059188473,-242.7856,-87.2
1529,1529,Gryffindor,Norma,Wenzel,2001-07-24,Left,44761.0,371.6123408183623,-5.517075543914006,-3.716123408183624,5.237,-665.9882366567342,567.5985872097167,-6.931660084887023,917.172522457406,-1.4589261038620618,-0.1231949585598844,-253.78592000000003,220.63
1530,1530,Hufflepuff,Odessa,Devito,2000-04-19,Right,33681.0,709.1647906987747,6.2479061537206695,-7.091647906987747,5.1160000000000005,-476.3928794289928,373.39862567281625,,1044.875910609337,5.373266128096329,0.4162942903268092,-244.44179,15.48
1531,1531,Ravenclaw,Madonna,Sommers,1999-12-24,Left,43767.0,-481.28642494174215,5.845823117190857,4.812864249417422,5.129,505.4302824324562,598.7905672185035,4.060459660850689,1049.648956558724,6.387937440123456,0.350178083720465,-230.38451,17.37
1532,1532,Slytherin,Christal,Coy,1997-06-19,Right,62475.0,-468.86995375878575,-6.303611374554536,4.6886995375878575,-7.159,-402.28542799562126,385.92055257067256,4.902653191032521,1047.8942477713256,9.147159234169012,-1.4994447792525545,-253.45379,-93.67
1533,1533,Ravenclaw,Wallace,Moriarty,1997-03-30,Left,,-546.3190961605211,4.325135760533748,5.4631909616052114,3.21,351.2324187795364,533.5164489780816,3.0937629803608035,1029.5559571984672,4.448870612506481,1.4520923030062585,-233.34063,34.56
1535,1535,Gryffindor,Reid,Fultz,1997-03-17,Left,15251.0,755.1774980481251,-5.475703373704059,-7.551774980481253,4.864,,572.9517398873222,-4.5895594032599405,929.8365238896132,4.339344554617352,0.3554788559455467,-254.19698,246.25
1536,1536,Hufflepuff,Eliseo,Yocum,1999-07-29,Left,46562.0,550.8040818532879,7.244829609278084,-5.508040818532879,3.719,,412.46747202788737,3.3760498773464547,1048.7890735595402,5.0073922609944646,-1.061179961254782,-244.81639,49.3
1537,1537,Hufflepuff,Ismael,Novak,1999-12-31,Right,46466.0,555.8241173915566,8.10624551121145,-5.558241173915566,1.503,-253.7159444953948,349.67235867893464,3.3109284183566863,1029.878115376368,1.0977581176778577,0.1965851266238851,-246.47391,32.13
1538,1538,Ravenclaw,Cletus,Deluca,2001-08-03,Right,51712.0,-650.3606975474088,3.6805809356960815,6.5036069754740895,3.732,684.0013533832873,600.3965526520351,4.502568065473076,1040.2313161396407,5.863980862144487,1.7158734182138151,-231.40627,-15.08
1539,1539,Slytherin,Franklyn,Horst,1998-09-07,Left,47603.0,-481.61955555957366,-7.296096611702375,4.816195555595737,-4.376,-461.0608112288311,396.1842501792463,6.957102043443931,1052.0975642823762,11.222837142450349,0.5774439307020693,-250.15524,-109.25
1540,1540,Hufflepuff,Carroll,Call,1998-12-20,Left,46474.0,401.2453774023734,4.876613089372208,-4.012453774023734,3.307,-415.1034159047539,342.6973081853523,5.9462530346807325,1050.4947516442478,3.8100784876750633,,-244.97517,-40.35
1541,1541,Hufflepuff,Peggy,Brackett,2001-01-10,Left,62957.0,462.4022269683621,3.447519607244604,-4.624022269683621,5.9460000000000015,-803.793394443936,378.2261941873104,7.209157235497344,1080.5671586901462,7.325852815177456,0.3911288426801353,-244.7018,-78.16
1542,1542,Ravenclaw,Louann,Orton,1998-02-15,Left,26893.0,-703.8327521514909,2.505395874681112,7.038327521514912,1.683,258.77752465262705,559.0017987396745,8.508591556371332,1053.389920990693,11.91924725307674,0.1645752707557018,-231.84272,-28.8
1543,1543,Hufflepuff,Samual,Bustos,1998-04-07,Right,62346.0,396.27590258834925,5.347334182376684,-3.962759025883493,4.518,-527.5647052362922,361.25191523683,2.7049292123548723,1062.1610434659765,1.5024503987684872,-1.3807790511595197,-245.54509,-26.1
1546,1546,Hufflepuff,Bryce,Coughlin,1998-09-02,Right,48743.0,459.8252877488153,5.348453764797701,-4.598252877488154,,-475.2009136055027,408.44248739532617,6.1327516909344375,1045.5333354167144,,-0.0487056629122144,-243.1742,-9.69
1547,1547,Gryffindor,Christi,Rodrigues,1997-10-14,Right,62970.0,314.9946336379829,-6.028381787657553,-3.1499463363798283,4.045,-415.3796783567738,586.9457131856623,-5.438609548105041,952.4367908959232,1.1642652010985333,0.8439356334468823,-253.578,153.88
1548,1548,Slytherin,Carrol,Hacker,1997-02-05,Right,47872.0,-609.9364019954928,-2.969000171144203,6.09936401995493,-3.3,-687.2218381189623,373.72850162807055,5.919966234074312,1043.7168672590287,,-0.5648944417326162,-246.98398,-75.5
1549,1549,Gryffindor,Kelley,Reddy,1999-08-27,Right,64978.0,502.09291796535706,-5.6043277406172365,-5.020929179653571,3.417,-695.2012027291944,578.7482047021279,-6.393793228014975,924.4562342520557,0.0083518239173772,-0.4900795059740185,-257.07289,204.0
1550,1550,Slytherin,Evangeline,Roy,1999-09-24,Right,47370.0,-526.1843246193924,-3.9305352962980935,5.261843246193925,-5.018,-372.3273884875209,418.6369089584337,3.453939998944824,1042.7557619848187,8.143351560244575,1.9348093557272508,-249.07364,-38.21
1553,1553,Hufflepuff,Emilio,Donahue,1999-08-15,Right,71095.0,,6.709313673721121,-2.5285657496046383,5.237,-572.0697708060736,401.4323237227092,2.982157023608812,1056.207465845058,1.3626214894326771,0.0759879522043677,-243.0045,-16.0
1555,1555,Ravenclaw,Rudolph,Zeigler,2000-03-03,Left,70479.0,-817.9170270616241,2.8920268116073213,8.179170270616241,3.228,949.4957169556712,641.4689258425586,5.163372817259148,1050.9193848501327,6.571042868457843,-0.2730882897766966,-230.32443,-58.29
1558,1558,Ravenclaw,Earnest,Roberge,1998-02-26,Left,,-444.878892462852,6.502551153853672,4.448788924628519,6.584,784.3753731404745,620.9283834535047,6.651802478750397,1058.6059572684146,4.4475745464524605,-0.3037356132013429,-230.17111,-92.35
1559,1559,Ravenclaw,Devin,Daly,1998-08-26,Left,66291.0,-467.8284282505242,5.994374126616488,4.678284282505241,5.445,338.4768277449764,622.5426758203822,5.223309875167294,1026.0113171765024,5.638023192911503,0.4589888905591129,-231.49588,11.23
1561,1561,Ravenclaw,Keshia,Nava,1997-09-04,Left,56174.0,-435.5323935620955,2.8938773999469087,4.355323935620955,5.261,509.5649339284809,607.5562453315853,4.7370964866659815,1048.5324434051834,7.207069116371647,,-232.81988,-19.56
1563,1563,Hufflepuff,Stanton,Bruner,1999-12-27,Right,57332.0,435.3660560603217,7.0144531887667405,-4.353660560603216,5.745,-567.0417981571849,406.6395240622156,4.326196781899858,1050.434948568654,3.358234530387522,-1.7742377160586704,-242.69758,3.57
1564,1564,Ravenclaw,Aida,Li,2000-01-15,Left,50144.0,-338.4737436724737,3.0835341723249416,3.3847374367247367,6.022,338.2588981555067,619.8069894787184,5.684107496777386,1037.5086404761348,8.529552847136932,1.5339247898038184,-232.67039,3.33
1565,1565,Gryffindor,William,Sawyer,1998-01-22,Left,35883.0,615.37956049129,-4.26177390486076,-6.153795604912901,5.646,,590.8549616931739,-4.6737744079586365,958.061880967728,5.209027455906321,1.9190898166713963,-252.95587,223.69
1566,1566,Gryffindor,Dorian,Hinojosa,2000-07-06,Left,48767.0,723.8168385814073,-6.016942799067047,-7.238168385814072,3.719,-504.8586205872824,595.5018319495457,-2.956450917669684,948.6346700713644,5.833108638720673,-0.3320144057382772,-255.69201,180.33
1567,1567,Ravenclaw,Dwayne,Hsu,2000-12-08,Right,47693.0,-604.3609362411065,5.705586854016715,6.043609362411065,3.817,164.8091678752364,569.8705453199843,6.380304931416683,1038.1193373609042,7.206193441210877,1.6318721856825429,-231.30052,-0.2
1568,1568,Ravenclaw,Elaine,Sargent,2000-09-02,Right,43932.0,-637.5685775933299,6.3109391441811775,6.375685775933299,4.5710000000000015,615.63852039657,623.1059080074673,3.88373459205302,1058.4854149932112,7.1178526187989934,-0.1819143260500886,-228.55339,17.77
1570,1570,Hufflepuff,Danette,Amaral,2000-08-18,Right,43848.0,602.8701385024458,2.7323842502438525,-6.028701385024457,6.4910000000000005,-578.7665124320596,,5.279894193816259,1062.5933132048783,6.085998864486163,,-245.16318,-30.26
1571,1571,Slytherin,Marcel,Pederson,2000-01-07,Left,35532.0,-567.0845227149679,-4.7897940352157695,5.670845227149679,-5.053,-253.72147434618256,441.0927313185914,4.720936061493298,1031.916541082582,9.867057225743457,0.2712187020009706,-247.76412,-29.83
1575,1575,Ravenclaw,Laverne,France,2000-10-22,Left,70297.0,-364.1204414653277,5.799115018652668,3.6412044146532767,6.553,,602.2540397064868,6.465689580746207,1034.0429206493466,5.427973937030816,0.4301279812550864,-231.32398,-28.3
1576,1576,Ravenclaw,April,Nason,1997-10-12,Left,36061.0,-384.4056911199741,2.2826812196981314,3.8440569111997407,5.774,567.4903579213412,639.9150659236652,6.305969718434629,1063.880287634558,11.846482980963088,-0.332271250684567,-230.67354,-9.5
1577,1577,Ravenclaw,Germaine,Theriault,1999-12-16,Right,60297.0,-626.6233089172997,3.117286693441888,6.266233089172998,5.025,778.0836780460887,625.2413150848641,5.777496252316525,1056.8200159917571,7.524604451321242,0.1189324760427659,-230.11765,-52.11
1578,1578,Gryffindor,Ivory,Boykin,1998-12-01,Right,62103.0,419.3601829550692,-6.2420922206932055,-4.193601829550692,3.989,-310.69571414256325,620.726432822721,-3.644745974851325,954.1444761487178,,0.395650511531609,-253.1816,150.95
1580,1580,Hufflepuff,Silvia,Landers,2001-05-06,Right,62423.0,462.5982106815024,4.655361064833059,-4.625982106815023,,-224.9534682011269,389.9618442790053,3.161405377108795,1036.282809806364,1.2180110282147227,1.08116499982725,-246.07797,-13.68
1581,1581,Slytherin,Ramon,Crain,2000-05-11,Left,18788.0,-656.7405858147039,-5.019345347654005,6.5674058581470405,-5.95,-638.7465294306393,353.91206818476184,5.4305603902033655,1084.243192409707,12.382600346324129,-0.7920664902299158,-247.90805,-73.55
1582,1582,Ravenclaw,Elizebeth,Wong,2000-08-07,Left,44980.0,-763.4072565595036,6.29796224475836,7.634072565595035,2.7060000000000004,610.741871949078,579.7902759142853,5.949460773463914,1045.5869572637357,6.481538377140367,0.2065234177038866,-229.14767,-12.93
1584,1584,Slytherin,Josef,Stoll,1997-09-14,Right,58266.0,-347.9828609076692,-4.49227189739222,3.4798286090766912,-6.947,-144.65630215962966,465.3181707485009,2.913880877332624,1020.3124704241138,8.71700006468805,-0.2950485464723688,-252.38437,-7.64
1585,1585,Hufflepuff,Eduardo,Maness,1998-09-25,Left,41420.0,472.3465373938677,6.791647843205682,-4.7234653739386765,4.852,-726.0540797178951,406.0884996713497,-0.6118719289076502,1065.361165783762,2.9135041858700768,1.0527398598012658,-244.80315,76.09
1586,1586,Slytherin,Earl,Mccloskey,1999-01-21,Left,57566.0,-485.2497356812014,-8.390447248951364,4.852497356812012,-6.04,-522.8820406145593,370.79888618746224,6.622655024388658,1066.781683269102,11.485893795547032,-1.6503408972191191,-253.02158,-138.01
1587,1587,Hufflepuff,Juliana,Delgadillo,1999-07-21,Right,58123.0,511.7493115526738,4.930942491945624,-5.117493115526738,4.114,-533.5392285278144,406.6996907875209,4.331818569589792,1053.9959125829564,5.09648105185858,-0.9808389294498228,-245.77653,-4.11
1588,1588,Slytherin,Jessie,Tilley,1999-04-16,Right,42589.0,-492.5103113523589,-2.2086495181784915,4.92510311352359,-7.27,-622.9365666769941,,2.201185686532204,1069.0123913206155,9.117247492917947,0.0702956334861693,-250.91192,-19.5
1589,1589,Hufflepuff,Dionne,Hynes,2001-06-24,Left,39610.0,708.2022058471167,4.850930827520738,-7.082022058471166,5.66,-504.7778726636993,417.52044821821687,4.56862783001742,1046.345435609537,6.272775856274201,0.2849323745494357,-245.03263,28.7
1590,1590,Ravenclaw,Chadwick,Hawkins,1996-11-21,Right,28744.0,-569.5133800286071,6.915328426496918,5.695133800286071,3.958,559.7759780437415,543.4311802079626,2.882075333846137,1065.5265240677234,5.0389394582589,-1.2688101313292643,-229.8486,17.86
1591,1591,Slytherin,Darrel,Gleason,1998-09-07,Right,63538.0,-507.7157460880133,-4.997610129401619,5.077157460880133,-5.6370000000000005,-443.78185464917055,386.05851258077575,6.9906027386902,1019.5264530916292,7.696268341907513,0.0492545490341671,-251.06254,-94.84
1592,1592,Gryffindor,Adell,Dodge,1998-05-17,Right,60006.0,376.920721758972,-2.949527373047168,-3.7692072175897207,7.311,-416.6722936856007,624.0562151916174,-6.638366408052847,954.7993039592628,-0.105303970636474,0.0896923837946442,-249.35589,193.78
1593,1593,Ravenclaw,Adeline,Church,1998-01-22,Left,79653.0,-426.175401183151,5.681106922362003,4.26175401183151,6.205,473.87947846354825,647.2388089943843,6.254227445165897,1046.8156270583695,7.206155534228867,0.3267253987707882,-230.80139,-29.82
1594,1594,Hufflepuff,Jeanie,Mora,1999-08-27,Left,22927.0,599.90161187126,5.479485487352692,-5.999016118712598,5.5429999999999975,-525.8832638504014,467.95041791951735,5.93321118192951,1034.3944280922965,9.34405385439324,1.4228867615730392,-241.9694,71.23
1595,1595,Gryffindor,Jung,Blank,2001-09-14,Right,49009.0,354.28008607856725,-4.541836795115569,-3.5428008607856727,5.702000000000001,-497.2350661011536,618.2202126417974,-5.231721196761213,964.2198529491516,3.3890862043547583,-0.6499829886185073,-250.39401,185.83
1597,1597,Gryffindor,Benjamin,Christensen,1999-10-24,Right,63905.0,544.0189245796867,-3.2032693227535702,-5.440189245796868,6.065,-385.1504571363952,635.211486238971,-5.984256502991308,953.8666846765262,1.7098082213145225,0.07156922598115,-251.63679,198.47
1598,1598,Hufflepuff,Charlotte,Dillon,2001-09-21,Left,82713.0,453.67621879773833,3.4428308795056126,-4.536762187977383,6.738,-831.7411229104907,383.4449369721156,3.813110939661641,1087.949204615799,3.904100126070952,-0.5318749751118403,-246.19072000000003,-76.81
1599,1599,Hufflepuff,Kylie,Nowak,2000-08-21,Left,48639.0,688.9119887739912,5.4210456374755775,-6.8891198877399145,6.593,-234.2079109153404,339.7751540064821,7.208415443067706,1034.9280038756551,2.0522148736362857,0.1505317099492033,-244.02063,-54.77
